"id","url","snippet","links"
"1142","https://jeffersoncityga.iqm2.com/Citizens/Detail_Meeting.aspx?ID=1142","2013/11/11 06:00 PM City Council Work Session - Web Outline - City of Jefferson, Georgia &laquo;Back to Main Site Welcome Meetings Browse Media Notices Boards+ Log in | Help | Register Print This Page Quick Link #1 Quick Link #2 --> City Council Work Session 11/11/2013 6:00 PM Civic Center 65 Kissam Street&nbsp;&nbsp;&nbsp;Jefferson, GA 30549 Downloads: Agenda Agenda Packet Minutes Minutes Packet 1. Call to Order 1. Roll Call 2. Swearing in Ceremony for Council District 5 Seat - Don Kupis 1. Oath of Office a. Oath of Office 3. Planning and Development 1. Projects Update 4. Finance 1. October Budget Memo a. October 2013 Meeting Memo 2. October Budget Report a. 2013 Council Budget Report October 3. Parks & Recreation Budget Memo a. 2013 Parks & Recreation Budget Adjustment Memo 4. October LOST Update a. 2013 LOST Comparison 5. 2013-56 : GMA Supplemental Lease Program Authorization for Replacement Vehicles Authorized in the FY13 Budget a. Jefferson LS 2013 Freightliner Dump Truck b. Jeffe","FileOpen.aspx?Type=14&amp;ID=1059&amp;Inline=True; FileOpen.aspx?Type=1&amp;ID=1059&amp;Inline=True; FileOpen.aspx?Type=15&amp;ID=1050&amp;Inline=True; FileOpen.aspx?Type=12&amp;ID=1050&amp;Inline=True; Detail_LegiFile.aspx?Frame=&MeetingID=1142&MediaPosition=&ID=1396&CssClass=; FileOpen.aspx?Type=4&ID=1731&MeetingID=1142; Detail_LegiFile.aspx?Frame=&MeetingID=1142&MediaPosition=&ID=1386&CssClass=; Detail_LegiFile.aspx?Frame=&MeetingID=1142&MediaPosition=&ID=1387&CssClass=; FileOpen.aspx?Type=4&ID=1736&MeetingID=1142; Detail_LegiFile.aspx?Frame=&MeetingID=1142&MediaPosition=&ID=1388&CssClass=; FileOpen.aspx?Type=4&ID=1735&MeetingID=1142; Detail_LegiFile.aspx?Frame=&MeetingID=1142&MediaPosition=&ID=1400&CssClass=; FileOpen.aspx?Type=4&ID=1742&MeetingID=1142; Detail_LegiFile.aspx?Frame=&MeetingID=1142&MediaPosition=&ID=1389&CssClass=; FileOpen.aspx?Type=4&ID=1734&MeetingID=1142; Detail_LegiFile.aspx?Frame=&MeetingID=1142&MediaPosition=&ID=1390&CssClass=; FileOpen.aspx?Type=4&ID=1727&MeetingID=1142; FileOpen.aspx?Type=4&ID=1745&MeetingID=1142; FileOpen.aspx?Type=4&ID=1728&MeetingID=1142; FileOpen.aspx?Type=4&ID=1744&MeetingID=1142; FileOpen.aspx?Type=4&ID=1729&MeetingID=1142; FileOpen.aspx?Type=4&ID=1743&MeetingID=1142; Detail_LegiFile.aspx?Frame=&MeetingID=1142&MediaPosition=&ID=1375&CssClass=; FileOpen.aspx?Type=4&ID=1725&MeetingID=1142; FileOpen.aspx?Type=4&ID=1726&MeetingID=1142; Detail_LegiFile.aspx?Frame=&MeetingID=1142&MediaPosition=&ID=1404&CssClass=; Detail_LegiFile.aspx?Frame=&MeetingID=1142&MediaPosition=&ID=1391&CssClass=; FileOpen.aspx?Type=4&ID=1730&MeetingID=1142; Detail_LegiFile.aspx?Frame=&MeetingID=1142&MediaPosition=&ID=1392&CssClass=; FileOpen.aspx?Type=4&ID=1732&MeetingID=1142; FileOpen.aspx?Type=4&ID=1733&MeetingID=1142; Detail_LegiFile.aspx?Frame=&MeetingID=1142&MediaPosition=&ID=1399&CssClass=; FileOpen.aspx?Type=4&ID=1741&MeetingID=1142; Detail_LegiFile.aspx?Frame=&MeetingID=1142&MediaPosition=&ID=1398&CssClass=; FileOpen.aspx?Type=4&ID=1739&MeetingID=1142; Detail_LegiFile.aspx?Frame=&MeetingID=1142&MediaPosition=&ID=1397&CssClass=; Detail_LegiFile.aspx?Frame=&MeetingID=1142&MediaPosition=&ID=1402&CssClass=; Detail_LegiFile.aspx?Frame=&MeetingID=1142&MediaPosition=&ID=1403&CssClass=; Detail_LegiFile.aspx?Frame=&MeetingID=1142&MediaPosition=&ID=1401&CssClass=; Detail_LegiFile.aspx?Frame=&MeetingID=1142&MediaPosition=&ID=1394&CssClass=; FileOpen.aspx?Type=4&ID=1738&MeetingID=1142; Detail_LegiFile.aspx?Frame=&MeetingID=1142&MediaPosition=&ID=1395&CssClass=; FileOpen.aspx?Type=4&ID=1737&MeetingID=1142"
"1143","https://jeffersoncityga.iqm2.com/Citizens/Detail_Meeting.aspx?ID=1143","2013/11/18 06:00 PM City Council Voting Session - Web Outline - City of Jefferson, Georgia &laquo;Back to Main Site Welcome Meetings Browse Media Notices Boards+ Log in | Help | Register Print This Page Quick Link #1 Quick Link #2 --> City Council Voting Session 11/18/2013 6:00 PM Civic Center 65 Kissam Street&nbsp;&nbsp;&nbsp;Jefferson, GA 30549 Downloads: Agenda Agenda Packet Minutes Minutes Packet 1. Call to Order 1. Approval of the Agenda 2. Roll Call 2. Consent Agenda 1. Minutes of Sep 9, 2013 6:00 PM 2. Minutes of Sep 23, 2013 6:00 PM 3. Minutes of Sep 26, 2013 5:30 PM 4. Minutes of Oct 3, 2013 5:00 PM 5. Minutes of Oct 14, 2013 6:00 PM 6. 2013-55 : Appointment of Jean & Joe Ortowski to the Jefferson Heritage Tree Council a. Jefferson Heritage Tree Council 11152013 7. 2013-56 : GMA Supplemental Lease Program Authorization for Replacement Vehicles Authorized in the FY13 Budget a. Jefferson LS 2013 Freightliner Dump Truck b. Jefferson LS 2013 Freightliner Dump Truck c. Jefferson LS","FileOpen.aspx?Type=14&amp;ID=1060&amp;Inline=True; FileOpen.aspx?Type=1&amp;ID=1060&amp;Inline=True; Detail_Motion.aspx?Frame=&MeetingID=1143&MinutesID=1051&MediaPosition=&ID=2992&Type=60&CssClass= style=; Detail_Motion.aspx?Frame=&MeetingID=1143&MinutesID=1051&MediaPosition=&ID=2995&Type=30&AcceptMinutesID=1045&CssClass= style=; Detail_Motion.aspx?Frame=&MeetingID=1143&MinutesID=1051&MediaPosition=&ID=2996&Type=30&AcceptMinutesID=1046&CssClass= style=; Detail_Motion.aspx?Frame=&MeetingID=1143&MinutesID=1051&MediaPosition=&ID=2997&Type=30&AcceptMinutesID=1047&CssClass= style=; Detail_Motion.aspx?Frame=&MeetingID=1143&MinutesID=1051&MediaPosition=&ID=2998&Type=30&AcceptMinutesID=1048&CssClass= style=; Detail_Motion.aspx?Frame=&MeetingID=1143&MinutesID=1051&MediaPosition=&ID=2999&Type=30&AcceptMinutesID=1049&CssClass= style=; Detail_LegiFile.aspx?Frame=&MeetingID=1143&MediaPosition=&ID=1405&CssClass=; FileOpen.aspx?Type=4&ID=1747&MeetingID=1143; Detail_LegiFile.aspx?Frame=&MeetingID=1143&MediaPosition=&ID=1390&CssClass=; FileOpen.aspx?Type=4&ID=1727&MeetingID=1143; FileOpen.aspx?Type=4&ID=1745&MeetingID=1143; FileOpen.aspx?Type=4&ID=1728&MeetingID=1143; FileOpen.aspx?Type=4&ID=1744&MeetingID=1143; FileOpen.aspx?Type=4&ID=1729&MeetingID=1143; FileOpen.aspx?Type=4&ID=1743&MeetingID=1143; Detail_LegiFile.aspx?Frame=&MeetingID=1143&MediaPosition=&ID=1406&CssClass=; FileOpen.aspx?Type=4&ID=1746&MeetingID=1143; Detail_LegiFile.aspx?Frame=&MeetingID=1143&MediaPosition=&ID=1398&CssClass=; FileOpen.aspx?Type=4&ID=1739&MeetingID=1143; Detail_LegiFile.aspx?Frame=&MeetingID=1143&MediaPosition=&ID=1399&CssClass=; FileOpen.aspx?Type=4&ID=1741&MeetingID=1143; Detail_LegiFile.aspx?Frame=&MeetingID=1143&MediaPosition=&ID=1407&CssClass="
"1213","https://jeffersoncityga.iqm2.com/Citizens/Detail_Meeting.aspx?ID=1213","2015/08/10 06:00 PM City Council Work Session - Web Outline - City of Jefferson, Georgia &laquo;Back to Main Site Welcome Meetings Browse Media Notices Boards+ Log in | Help | Register Print This Page Quick Link #1 Quick Link #2 --> City Council Work Session 8/10/2015 6:00 PM Jefferson Station Community Room Jefferson Station&nbsp;&nbsp;&nbsp;Community Room&nbsp;&nbsp;&nbsp;Jefferson, GA 30549 Downloads: Agenda Agenda Packet Minutes Minutes Packet 1. Call to Order 1. Pledge of Allegiance 2. Roll Call 2. Planning and Development 1. 2015-30 : Planning Commission Member Terms a. Jefferson - Talmo Planning Commission Members 2. R-2015-8 : Gordon Street Right of Way Resolution Printout 3. 2015-31 : Gordon Street Deed a. RAC Properties Gordon Street RW Deed Signed 4. 2015-32 : V-15-J02 – Request for Variance to Sec. 17.6.13 (Electronic Multiple Message Sign) to Increase the Number of Colors for Such Sign Which is Currently Limited to One Color Only a. V-15-J02Racetrac b. Racetrac 50 SF c. Ra","FileOpen.aspx?Type=14&amp;ID=1115&amp;Inline=True; FileOpen.aspx?Type=1&amp;ID=1115&amp;Inline=True; FileOpen.aspx?Type=15&amp;ID=1106&amp;Inline=True; FileOpen.aspx?Type=12&amp;ID=1106&amp;Inline=True; Detail_LegiFile.aspx?Frame=&MeetingID=1213&MediaPosition=&ID=1763&CssClass=; FileOpen.aspx?Type=4&ID=2348&MeetingID=1213; Detail_LegiFile.aspx?Frame=&MeetingID=1213&MediaPosition=&ID=1764&CssClass=; FileOpen.aspx?Type=30&ID=2833&MeetingID=1213; Detail_LegiFile.aspx?Frame=&MeetingID=1213&MediaPosition=&ID=1765&CssClass=; FileOpen.aspx?Type=4&ID=2349&MeetingID=1213; Detail_LegiFile.aspx?Frame=&MeetingID=1213&MediaPosition=&ID=1762&CssClass=; FileOpen.aspx?Type=4&ID=2343&MeetingID=1213; FileOpen.aspx?Type=4&ID=2344&MeetingID=1213; FileOpen.aspx?Type=4&ID=2345&MeetingID=1213; FileOpen.aspx?Type=4&ID=2346&MeetingID=1213; FileOpen.aspx?Type=4&ID=2347&MeetingID=1213; Detail_LegiFile.aspx?Frame=&MeetingID=1213&MediaPosition=&ID=1766&CssClass=; FileOpen.aspx?Type=4&ID=2350&MeetingID=1213; FileOpen.aspx?Type=4&ID=2351&MeetingID=1213; FileOpen.aspx?Type=4&ID=2352&MeetingID=1213; Detail_LegiFile.aspx?Frame=&MeetingID=1213&MediaPosition=&ID=1767&CssClass=; FileOpen.aspx?Type=4&ID=2353&MeetingID=1213; Detail_LegiFile.aspx?Frame=&MeetingID=1213&MediaPosition=&ID=1768&CssClass=; FileOpen.aspx?Type=4&ID=2354&MeetingID=1213; Detail_LegiFile.aspx?Frame=&MeetingID=1213&MediaPosition=&ID=1769&CssClass=; FileOpen.aspx?Type=4&ID=2355&MeetingID=1213; Detail_LegiFile.aspx?Frame=&MeetingID=1213&MediaPosition=&ID=1770&CssClass=; FileOpen.aspx?Type=4&ID=2356&MeetingID=1213; FileOpen.aspx?Type=4&ID=2357&MeetingID=1213; Detail_LegiFile.aspx?Frame=&MeetingID=1213&MediaPosition=&ID=1772&CssClass=; FileOpen.aspx?Type=4&ID=2360&MeetingID=1213; Detail_LegiFile.aspx?Frame=&MeetingID=1213&MediaPosition=&ID=1771&CssClass=; FileOpen.aspx?Type=4&ID=2358&MeetingID=1213; FileOpen.aspx?Type=4&ID=2359&MeetingID=1213; Detail_Motion.aspx?Frame=&MeetingID=1213&MinutesID=1106&MediaPosition=&ID=4806&Type=70&CssClass= style=; Detail_Motion.aspx?Frame=&MeetingID=1213&MinutesID=1106&MediaPosition=&ID=4808&Type=60&CssClass= style="
"1214","https://jeffersoncityga.iqm2.com/Citizens/Detail_Meeting.aspx?ID=1214","2015/08/24 06:00 PM City Council Voting Session - Web Outline - City of Jefferson, Georgia &laquo;Back to Main Site Welcome Meetings Browse Media Notices Boards+ Log in | Help | Register Print This Page Quick Link #1 Quick Link #2 --> City Council Voting Session 8/24/2015 6:00 PM Jefferson Station Community Room Jefferson Station&nbsp;&nbsp;&nbsp;Community Room&nbsp;&nbsp;&nbsp;Jefferson, GA 30549 Downloads: Agenda Agenda Packet Minutes Minutes Packet 1. Call to Order 1. Pledge of Allegiance 2. Roll Call 3. Approval of the Agenda 2. Approval of Minutes 1. Minutes of Jun 8, 2015 6:00 PM 2. Minutes of Jun 11, 2015 6:00 PM 3. Minutes of Jun 22, 2015 6:00 PM 4. Minutes of Jul 13, 2015 6:00 PM 3. Planning and Development 1. 2015-30 : Planning Commission Member Terms a. Jefferson - Talmo Planning Commission Members 2. Gordon Street Right of Way 1. 2015-31 : Gordon Street Deed a. RAC Properties Gordon Street RW Deed Signed 2. R-2015-8 : Gordon Street Right of Way Resolution Printout 3. V-15-3","FileOpen.aspx?Type=14&amp;ID=1116&amp;Inline=True; FileOpen.aspx?Type=1&amp;ID=1116&amp;Inline=True; FileOpen.aspx?Type=15&amp;ID=1110&amp;Inline=True; FileOpen.aspx?Type=12&amp;ID=1110&amp;Inline=True; Detail_Motion.aspx?Frame=&MeetingID=1214&MinutesID=1110&MediaPosition=&ID=4881&Type=60&CssClass= style=; Detail_Motion.aspx?Frame=&MeetingID=1214&MinutesID=1110&MediaPosition=&ID=4883&Type=30&AcceptMinutesID=1101&CssClass= style=; Detail_Motion.aspx?Frame=&MeetingID=1214&MinutesID=1110&MediaPosition=&ID=4884&Type=30&AcceptMinutesID=1102&CssClass= style=; Detail_Motion.aspx?Frame=&MeetingID=1214&MinutesID=1110&MediaPosition=&ID=4885&Type=30&AcceptMinutesID=1103&CssClass= style=; Detail_Motion.aspx?Frame=&MeetingID=1214&MinutesID=1110&MediaPosition=&ID=4886&Type=30&AcceptMinutesID=1104&CssClass= style=; Detail_LegiFile.aspx?Frame=&MeetingID=1214&MediaPosition=&ID=1763&CssClass=; FileOpen.aspx?Type=4&ID=2348&MeetingID=1214; Detail_LegiFile.aspx?Frame=&MeetingID=1214&MediaPosition=&ID=1765&CssClass=; FileOpen.aspx?Type=4&ID=2349&MeetingID=1214; Detail_LegiFile.aspx?Frame=&MeetingID=1214&MediaPosition=&ID=1764&CssClass=; FileOpen.aspx?Type=30&ID=2870&MeetingID=1214; Detail_LegiFile.aspx?Frame=&MeetingID=1214&MediaPosition=&ID=1762&CssClass=; FileOpen.aspx?Type=4&ID=2343&MeetingID=1214; FileOpen.aspx?Type=4&ID=2344&MeetingID=1214; FileOpen.aspx?Type=4&ID=2345&MeetingID=1214; FileOpen.aspx?Type=4&ID=2346&MeetingID=1214; FileOpen.aspx?Type=4&ID=2347&MeetingID=1214; Detail_LegiFile.aspx?Frame=&MeetingID=1214&MediaPosition=&ID=1773&CssClass=; FileOpen.aspx?Type=4&ID=2362&MeetingID=1214; Detail_LegiFile.aspx?Frame=&MeetingID=1214&MediaPosition=&ID=1767&CssClass=; FileOpen.aspx?Type=4&ID=2353&MeetingID=1214; Detail_LegiFile.aspx?Frame=&MeetingID=1214&MediaPosition=&ID=1768&CssClass=; FileOpen.aspx?Type=4&ID=2354&MeetingID=1214; Detail_LegiFile.aspx?Frame=&MeetingID=1214&MediaPosition=&ID=1775&CssClass=; FileOpen.aspx?Type=4&ID=2364&MeetingID=1214; Detail_LegiFile.aspx?Frame=&MeetingID=1214&MediaPosition=&ID=1772&CssClass=; FileOpen.aspx?Type=4&ID=2360&MeetingID=1214"
"1282","https://jeffersoncityga.iqm2.com/Citizens/Detail_Meeting.aspx?ID=1282","2017/05/08 06:00 PM City Council Work Session - Web Outline - City of Jefferson, Georgia &laquo;Back to Main Site Welcome Meetings Browse Media Notices Boards+ Log in | Help | Register Print This Page Quick Link #1 Quick Link #2 --> City Council Work Session 5/8/2017 6:00 PM Jefferson Station Community Room Jefferson Station&nbsp;&nbsp;&nbsp;Community Room&nbsp;&nbsp;&nbsp;Jefferson, GA 30549 Downloads: Agenda Agenda Packet Minutes Minutes Packet 1. Call to Order 1. Pledge of Allegiance 2. Roll Call 3. Historic Preservation Month a. Historic Preservation Month 2017 4. Presentation of Historic Preservation Awards 2. Planning and Development 1. Public Hearing Procedures a. Summary of Public Hearing Procedures 2. Planning Commission Report a. April 2017Planning Commission Letter to City 3. 2017-17 : Tom Roberts and Ann Swenson, Applicants and Property Owners, Request Modifications to Home Occupation Requirements Per Sec. 11.4.12 of the Land Use Management Code for Property (0.367 Acres) F","FileOpen.aspx?Type=14&amp;ID=1176&amp;Inline=True; FileOpen.aspx?Type=1&amp;ID=1176&amp;Inline=True; FileOpen.aspx?Type=15&amp;ID=1163&amp;Inline=True; FileOpen.aspx?Type=12&amp;ID=1163&amp;Inline=True; Detail_LegiFile.aspx?Frame=&MeetingID=1282&MediaPosition=&ID=2132&CssClass=; FileOpen.aspx?Type=4&ID=2957&MeetingID=1282; Detail_LegiFile.aspx?Frame=&MeetingID=1282&MediaPosition=&ID=2140&CssClass=; FileOpen.aspx?Type=4&ID=2965&MeetingID=1282; Detail_LegiFile.aspx?Frame=&MeetingID=1282&MediaPosition=&ID=2139&CssClass=; FileOpen.aspx?Type=4&ID=2964&MeetingID=1282; Detail_LegiFile.aspx?Frame=&MeetingID=1282&MediaPosition=&ID=2133&CssClass=; FileOpen.aspx?Type=4&ID=2958&MeetingID=1282; FileOpen.aspx?Type=4&ID=2979&MeetingID=1282; Detail_LegiFile.aspx?Frame=&MeetingID=1282&MediaPosition=&ID=2134&CssClass=; FileOpen.aspx?Type=4&ID=2959&MeetingID=1282; FileOpen.aspx?Type=4&ID=2980&MeetingID=1282; Detail_LegiFile.aspx?Frame=&MeetingID=1282&MediaPosition=&ID=2135&CssClass=; FileOpen.aspx?Type=4&ID=2960&MeetingID=1282; FileOpen.aspx?Type=4&ID=2981&MeetingID=1282; Detail_LegiFile.aspx?Frame=&MeetingID=1282&MediaPosition=&ID=2136&CssClass=; FileOpen.aspx?Type=4&ID=2961&MeetingID=1282; FileOpen.aspx?Type=4&ID=2968&MeetingID=1282; FileOpen.aspx?Type=4&ID=2982&MeetingID=1282; FileOpen.aspx?Type=4&ID=2983&MeetingID=1282; FileOpen.aspx?Type=4&ID=2984&MeetingID=1282; Detail_LegiFile.aspx?Frame=&MeetingID=1282&MediaPosition=&ID=2137&CssClass=; FileOpen.aspx?Type=4&ID=2962&MeetingID=1282; Detail_LegiFile.aspx?Frame=&MeetingID=1282&MediaPosition=&ID=2138&CssClass=; FileOpen.aspx?Type=4&ID=2963&MeetingID=1282; FileOpen.aspx?Type=4&ID=2985&MeetingID=1282; Detail_LegiFile.aspx?Frame=&MeetingID=1282&MediaPosition=&ID=2127&CssClass=; FileOpen.aspx?Type=4&ID=2949&MeetingID=1282; Detail_LegiFile.aspx?Frame=&MeetingID=1282&MediaPosition=&ID=2128&CssClass=; FileOpen.aspx?Type=4&ID=2950&MeetingID=1282; FileOpen.aspx?Type=4&ID=2951&MeetingID=1282; FileOpen.aspx?Type=4&ID=2952&MeetingID=1282; Detail_LegiFile.aspx?Frame=&MeetingID=1282&MediaPosition=&ID=2129&CssClass=; FileOpen.aspx?Type=4&ID=2953&MeetingID=1282; Detail_LegiFile.aspx?Frame=&MeetingID=1282&MediaPosition=&ID=2131&CssClass=; FileOpen.aspx?Type=4&ID=2955&MeetingID=1282; FileOpen.aspx?Type=4&ID=2956&MeetingID=1282; Detail_LegiFile.aspx?Frame=&MeetingID=1282&MediaPosition=&ID=2130&CssClass=; FileOpen.aspx?Type=4&ID=2954&MeetingID=1282; Detail_LegiFile.aspx?Frame=&MeetingID=1282&MediaPosition=&ID=2141&CssClass=; FileOpen.aspx?Type=4&ID=2966&MeetingID=1282; Detail_LegiFile.aspx?Frame=&MeetingID=1282&MediaPosition=&ID=2142&CssClass=; FileOpen.aspx?Type=4&ID=2967&MeetingID=1282; Detail_Motion.aspx?Frame=&MeetingID=1282&MinutesID=1163&MediaPosition=&ID=6809&Type=70&CssClass= style="
"1283","https://jeffersoncityga.iqm2.com/Citizens/Detail_Meeting.aspx?ID=1283","2017/05/22 06:00 PM City Council Voting Session - Web Outline - City of Jefferson, Georgia &laquo;Back to Main Site Welcome Meetings Browse Media Notices Boards+ Log in | Help | Register Print This Page Quick Link #1 Quick Link #2 --> City Council Voting Session 5/22/2017 6:00 PM Jefferson Station Community Room Jefferson Station&nbsp;&nbsp;&nbsp;Community Room&nbsp;&nbsp;&nbsp;Jefferson, GA 30549 Downloads: Agenda Agenda Packet Minutes Minutes Packet 1. Call to Order 1. Pledge of Allegiance 2. Roll Call 3. Approval of the Agenda 2. Approval of Minutes 1. Minutes of Apr 10, 2017 6:00 PM 2. Minutes of Apr 24, 2017 6:00 PM 3. Planning and Development 1. 2017-17 : Tom Roberts and Ann Swenson, Applicants and Property Owners, Request Modifications to Home Occupation Requirements Per Sec. 11.4.12 of the Land Use Management Code for Property (0.367 Acres) Fronting Approximately 412 Feet on the North Side of Winder Highway/ SR 11 Business (1208 Winder Highway), City of Jefferson, Zoned R-2 (Me","FileOpen.aspx?Type=14&amp;ID=1179&amp;Inline=True; FileOpen.aspx?Type=1&amp;ID=1179&amp;Inline=True; FileOpen.aspx?Type=15&amp;ID=1167&amp;Inline=True; FileOpen.aspx?Type=12&amp;ID=1167&amp;Inline=True; Detail_Motion.aspx?Frame=&MeetingID=1283&MinutesID=1167&MediaPosition=&ID=6911&Type=60&CssClass= style=; Detail_Motion.aspx?Frame=&MeetingID=1283&MinutesID=1167&MediaPosition=&ID=6913&Type=30&AcceptMinutesID=1160&CssClass= style=; Detail_Motion.aspx?Frame=&MeetingID=1283&MinutesID=1167&MediaPosition=&ID=6914&Type=30&AcceptMinutesID=1162&CssClass= style=; Detail_LegiFile.aspx?Frame=&MeetingID=1283&MediaPosition=&ID=2133&CssClass=; FileOpen.aspx?Type=4&ID=2958&MeetingID=1283; FileOpen.aspx?Type=4&ID=2979&MeetingID=1283; Detail_LegiFile.aspx?Frame=&MeetingID=1283&MediaPosition=&ID=2134&CssClass=; FileOpen.aspx?Type=4&ID=2959&MeetingID=1283; FileOpen.aspx?Type=4&ID=2980&MeetingID=1283; Detail_LegiFile.aspx?Frame=&MeetingID=1283&MediaPosition=&ID=2135&CssClass=; FileOpen.aspx?Type=4&ID=2960&MeetingID=1283; FileOpen.aspx?Type=4&ID=2981&MeetingID=1283; Detail_LegiFile.aspx?Frame=&MeetingID=1283&MediaPosition=&ID=2136&CssClass=; FileOpen.aspx?Type=4&ID=2961&MeetingID=1283; FileOpen.aspx?Type=4&ID=2968&MeetingID=1283; FileOpen.aspx?Type=4&ID=2982&MeetingID=1283; FileOpen.aspx?Type=4&ID=2983&MeetingID=1283; FileOpen.aspx?Type=4&ID=2984&MeetingID=1283; Detail_LegiFile.aspx?Frame=&MeetingID=1283&MediaPosition=&ID=2137&CssClass=; FileOpen.aspx?Type=4&ID=2962&MeetingID=1283; Detail_LegiFile.aspx?Frame=&MeetingID=1283&MediaPosition=&ID=2138&CssClass=; FileOpen.aspx?Type=4&ID=2963&MeetingID=1283; FileOpen.aspx?Type=4&ID=2985&MeetingID=1283; Detail_LegiFile.aspx?Frame=&MeetingID=1283&MediaPosition=&ID=2127&CssClass=; FileOpen.aspx?Type=4&ID=2949&MeetingID=1283; Detail_LegiFile.aspx?Frame=&MeetingID=1283&MediaPosition=&ID=2141&CssClass=; FileOpen.aspx?Type=4&ID=2966&MeetingID=1283"
"1286","https://jeffersoncityga.iqm2.com/Citizens/Detail_Meeting.aspx?ID=1286","2017/07/10 06:00 PM City Council Work Session - Web Outline - City of Jefferson, Georgia &laquo;Back to Main Site Welcome Meetings Browse Media Notices Boards+ Log in | Help | Register Print This Page Quick Link #1 Quick Link #2 --> City Council Work Session 7/10/2017 6:00 PM Jefferson Station Community Room Jefferson Station&nbsp;&nbsp;&nbsp;Community Room&nbsp;&nbsp;&nbsp;Jefferson, GA 30549 Downloads: Agenda Agenda Packet Minutes Minutes Packet 1. Call to Order 1. Pledge of Allegiance 2. Roll Call 3. Auditors Presentation a. City of Jefferson 2016 ADA (1) 2. Planning and Development 1. Letter from Planning Commission a. June 2017Planning Commission Letter to City 2. Sterling Residential, LLC and Multiple Property Owners Request Annexation Under the 60% Method and R-1, Single Family Residential District Zoning of 70.71 Acres of Property Known as Lots 5 through 60 of Storey Meadows Subdivision, Located North of Storey Porter Road and Including Katherine Drive, McCain Court, Anne Marie","FileOpen.aspx?Type=14&amp;ID=1183&amp;Inline=True; FileOpen.aspx?Type=1&amp;ID=1183&amp;Inline=True; FileOpen.aspx?Type=15&amp;ID=1169&amp;Inline=True; FileOpen.aspx?Type=12&amp;ID=1169&amp;Inline=True; Detail_LegiFile.aspx?Frame=&MeetingID=1286&MediaPosition=&ID=2173&CssClass=; FileOpen.aspx?Type=4&ID=3038&MeetingID=1286; Detail_LegiFile.aspx?Frame=&MeetingID=1286&MediaPosition=&ID=2178&CssClass=; FileOpen.aspx?Type=4&ID=3053&MeetingID=1286; Detail_LegiFile.aspx?Frame=&MeetingID=1286&MediaPosition=&ID=2174&CssClass=; FileOpen.aspx?Type=4&ID=3039&MeetingID=1286; FileOpen.aspx?Type=4&ID=3040&MeetingID=1286; FileOpen.aspx?Type=4&ID=3041&MeetingID=1286; Detail_LegiFile.aspx?Frame=&MeetingID=1286&MediaPosition=&ID=2175&CssClass=; FileOpen.aspx?Type=4&ID=3042&MeetingID=1286; FileOpen.aspx?Type=4&ID=3043&MeetingID=1286; FileOpen.aspx?Type=4&ID=3044&MeetingID=1286; FileOpen.aspx?Type=4&ID=3045&MeetingID=1286; Detail_LegiFile.aspx?Frame=&MeetingID=1286&MediaPosition=&ID=2176&CssClass=; FileOpen.aspx?Type=4&ID=3046&MeetingID=1286; FileOpen.aspx?Type=4&ID=3047&MeetingID=1286; Detail_LegiFile.aspx?Frame=&MeetingID=1286&MediaPosition=&ID=2177&CssClass=; FileOpen.aspx?Type=4&ID=3048&MeetingID=1286; FileOpen.aspx?Type=4&ID=3049&MeetingID=1286; FileOpen.aspx?Type=4&ID=3050&MeetingID=1286; FileOpen.aspx?Type=4&ID=3051&MeetingID=1286; FileOpen.aspx?Type=4&ID=3052&MeetingID=1286; Detail_LegiFile.aspx?Frame=&MeetingID=1286&MediaPosition=&ID=2179&CssClass=; FileOpen.aspx?Type=4&ID=3054&MeetingID=1286; FileOpen.aspx?Type=4&ID=3055&MeetingID=1286; FileOpen.aspx?Type=4&ID=3056&MeetingID=1286; Detail_LegiFile.aspx?Frame=&MeetingID=1286&MediaPosition=&ID=2180&CssClass=; FileOpen.aspx?Type=4&ID=3057&MeetingID=1286; Detail_LegiFile.aspx?Frame=&MeetingID=1286&MediaPosition=&ID=2181&CssClass=; FileOpen.aspx?Type=4&ID=3058&MeetingID=1286; Detail_LegiFile.aspx?Frame=&MeetingID=1286&MediaPosition=&ID=2185&CssClass=; FileOpen.aspx?Type=4&ID=3062&MeetingID=1286; Detail_LegiFile.aspx?Frame=&MeetingID=1286&MediaPosition=&ID=2186&CssClass=; FileOpen.aspx?Type=4&ID=3063&MeetingID=1286; FileOpen.aspx?Type=4&ID=3064&MeetingID=1286; FileOpen.aspx?Type=4&ID=3065&MeetingID=1286; FileOpen.aspx?Type=4&ID=3066&MeetingID=1286; Detail_LegiFile.aspx?Frame=&MeetingID=1286&MediaPosition=&ID=2182&CssClass=; FileOpen.aspx?Type=4&ID=3059&MeetingID=1286; Detail_LegiFile.aspx?Frame=&MeetingID=1286&MediaPosition=&ID=2183&CssClass=; FileOpen.aspx?Type=4&ID=3060&MeetingID=1286; Detail_LegiFile.aspx?Frame=&MeetingID=1286&MediaPosition=&ID=2184&CssClass=; FileOpen.aspx?Type=4&ID=3061&MeetingID=1286"
"1287","https://jeffersoncityga.iqm2.com/Citizens/Detail_Meeting.aspx?ID=1287","2017/07/24 06:00 PM City Council Voting Session - Web Outline - City of Jefferson, Georgia &laquo;Back to Main Site Welcome Meetings Browse Media Notices Boards+ Log in | Help | Register Print This Page Quick Link #1 Quick Link #2 --> City Council Voting Session 7/24/2017 6:00 PM Jefferson Station Community Room Jefferson Station&nbsp;&nbsp;&nbsp;Community Room&nbsp;&nbsp;&nbsp;Jefferson, GA 30549 Downloads: Agenda Agenda Packet Minutes Minutes Packet 1. Call to Order 1. Pledge of Allegiance 2. Roll Call 2. Approval of Minutes 1. Minutes of Jun 12, 2017 6:00 PM 2. Minutes of Jun 20, 2017 6:00 PM 3. Planning and Development 1. Letter from Planning Commission a. June 2017Planning Commission Letter to City 2. Galilee Partners, LLC, by Jeffrey W. DeLoach Applicant, Edward Davis, Jr., Hansel Bret Osteen, Dink Wood and Beverly Wood, Property Owners, Requests Annexation and PCD, Planned Community Development District Zoning of Property Totaling 54.1 Acres, Consisting of 27.157 Acres Fronting ","FileOpen.aspx?Type=14&amp;ID=1186&amp;Inline=True; FileOpen.aspx?Type=1&amp;ID=1186&amp;Inline=True; FileOpen.aspx?Type=15&amp;ID=1174&amp;Inline=True; FileOpen.aspx?Type=12&amp;ID=1174&amp;Inline=True; Detail_Motion.aspx?Frame=&MeetingID=1287&MinutesID=1174&MediaPosition=&ID=7161&Type=30&AcceptMinutesID=1166&CssClass= style=; Detail_Motion.aspx?Frame=&MeetingID=1287&MinutesID=1174&MediaPosition=&ID=7162&Type=30&AcceptMinutesID=1170&CssClass= style=; Detail_LegiFile.aspx?Frame=&MeetingID=1287&MediaPosition=&ID=2178&CssClass=; FileOpen.aspx?Type=4&ID=3053&MeetingID=1287; Detail_LegiFile.aspx?Frame=&MeetingID=1287&MediaPosition=&ID=2175&CssClass=; FileOpen.aspx?Type=4&ID=3042&MeetingID=1287; FileOpen.aspx?Type=4&ID=3043&MeetingID=1287; FileOpen.aspx?Type=4&ID=3044&MeetingID=1287; FileOpen.aspx?Type=4&ID=3045&MeetingID=1287; Detail_LegiFile.aspx?Frame=&MeetingID=1287&MediaPosition=&ID=2176&CssClass=; FileOpen.aspx?Type=4&ID=3046&MeetingID=1287; FileOpen.aspx?Type=4&ID=3047&MeetingID=1287; Detail_LegiFile.aspx?Frame=&MeetingID=1287&MediaPosition=&ID=2177&CssClass=; FileOpen.aspx?Type=4&ID=3048&MeetingID=1287; FileOpen.aspx?Type=4&ID=3049&MeetingID=1287; FileOpen.aspx?Type=4&ID=3050&MeetingID=1287; FileOpen.aspx?Type=4&ID=3051&MeetingID=1287; FileOpen.aspx?Type=4&ID=3052&MeetingID=1287; Detail_LegiFile.aspx?Frame=&MeetingID=1287&MediaPosition=&ID=2199&CssClass=; FileOpen.aspx?Type=4&ID=3092&MeetingID=1287; Detail_LegiFile.aspx?Frame=&MeetingID=1287&MediaPosition=&ID=2200&CssClass=; FileOpen.aspx?Type=4&ID=3093&MeetingID=1287; Detail_LegiFile.aspx?Frame=&MeetingID=1287&MediaPosition=&ID=2180&CssClass=; FileOpen.aspx?Type=4&ID=3057&MeetingID=1287; Detail_LegiFile.aspx?Frame=&MeetingID=1287&MediaPosition=&ID=2186&CssClass=; FileOpen.aspx?Type=4&ID=3063&MeetingID=1287; FileOpen.aspx?Type=4&ID=3064&MeetingID=1287; FileOpen.aspx?Type=4&ID=3065&MeetingID=1287; FileOpen.aspx?Type=4&ID=3066&MeetingID=1287; Detail_LegiFile.aspx?Frame=&MeetingID=1287&MediaPosition=&ID=2182&CssClass=; FileOpen.aspx?Type=4&ID=3059&MeetingID=1287; Detail_LegiFile.aspx?Frame=&MeetingID=1287&MediaPosition=&ID=2183&CssClass=; FileOpen.aspx?Type=4&ID=3060&MeetingID=1287; FileOpen.aspx?Type=4&ID=3091&MeetingID=1287; Detail_Motion.aspx?Frame=&MeetingID=1287&MinutesID=1174&MediaPosition=&ID=7201&Type=70&CssClass= style=; Detail_Motion.aspx?Frame=&MeetingID=1287&MinutesID=1174&MediaPosition=&ID=7202&Type=70&CssClass= style="
"1296","https://jeffersoncityga.iqm2.com/Citizens/Detail_Meeting.aspx?ID=1296","2017/12/11 06:00 PM City Council Work Session - Web Outline - City of Jefferson, Georgia &laquo;Back to Main Site Welcome Meetings Browse Media Notices Boards+ Log in | Help | Register Print This Page Quick Link #1 Quick Link #2 --> City Council Work Session 12/11/2017 6:00 PM Jefferson Station Community Room Jefferson Station&nbsp;&nbsp;&nbsp;Community Room&nbsp;&nbsp;&nbsp;Jefferson, GA 30549 Downloads: Agenda Agenda Packet Minutes Minutes Packet Audio 1. Call to Order 1. Pledge of Allegiance 2. Roll Call 2. Holiday Market Check Presentation to Habitat 3. Planning and Development 1. Planning Commission Report 1. Planning Commission Report a. NovPlanning Commission Letter to City for Dec Meeting 2. 2017-68 : R-17-J09 Annexation/Zoning 1. R-17-J09 Annexation/Zoning Jackson County Industrial Partners, LLC, Applicant and Property Owner, Requests Annexation and LI, Light Industrial Zoning of Property (95.11 Acres, Part of Map/Parcel 078/005) Located Northwest of Logistics Center Parkway, ","FileOpen.aspx?Type=14&amp;ID=1199&amp;Inline=True; FileOpen.aspx?Type=1&amp;ID=1199&amp;Inline=True; FileOpen.aspx?Type=15&amp;ID=1182&amp;Inline=True; FileOpen.aspx?Type=12&amp;ID=1182&amp;Inline=True; Detail_Motion.aspx?Frame=&MeetingID=1296&MinutesID=1182&MediaPosition=&ID=7461&Type=70&CssClass= style=; Detail_LegiFile.aspx?Frame=&MeetingID=1296&MediaPosition=&ID=2290&CssClass=; FileOpen.aspx?Type=4&ID=3267&MeetingID=1296; Detail_LegiFile.aspx?Frame=&MeetingID=1296&MediaPosition=&ID=2284&CssClass=; FileOpen.aspx?Type=4&ID=3255&MeetingID=1296; FileOpen.aspx?Type=4&ID=3257&MeetingID=1296; Detail_LegiFile.aspx?Frame=&MeetingID=1296&MediaPosition=&ID=2285&CssClass=; FileOpen.aspx?Type=4&ID=3258&MeetingID=1296; Detail_LegiFile.aspx?Frame=&MeetingID=1296&MediaPosition=&ID=2286&CssClass=; FileOpen.aspx?Type=4&ID=3259&MeetingID=1296; Detail_LegiFile.aspx?Frame=&MeetingID=1296&MediaPosition=&ID=2287&CssClass=; FileOpen.aspx?Type=4&ID=3260&MeetingID=1296; Detail_LegiFile.aspx?Frame=&MeetingID=1296&MediaPosition=&ID=2288&CssClass=; FileOpen.aspx?Type=4&ID=3261&MeetingID=1296; FileOpen.aspx?Type=4&ID=3262&MeetingID=1296; Detail_LegiFile.aspx?Frame=&MeetingID=1296&MediaPosition=&ID=2289&CssClass=; FileOpen.aspx?Type=4&ID=3263&MeetingID=1296; FileOpen.aspx?Type=4&ID=3264&MeetingID=1296; FileOpen.aspx?Type=4&ID=3265&MeetingID=1296; FileOpen.aspx?Type=4&ID=3266&MeetingID=1296; Detail_LegiFile.aspx?Frame=&MeetingID=1296&MediaPosition=&ID=2291&CssClass=; FileOpen.aspx?Type=4&ID=3268&MeetingID=1296; FileOpen.aspx?Type=4&ID=3269&MeetingID=1296; Detail_LegiFile.aspx?Frame=&MeetingID=1296&MediaPosition=&ID=2274&CssClass=; FileOpen.aspx?Type=4&ID=3246&MeetingID=1296; FileOpen.aspx?Type=4&ID=3247&MeetingID=1296; FileOpen.aspx?Type=4&ID=3248&MeetingID=1296; Detail_LegiFile.aspx?Frame=&MeetingID=1296&MediaPosition=&ID=2292&CssClass=; FileOpen.aspx?Type=4&ID=3270&MeetingID=1296; Detail_LegiFile.aspx?Frame=&MeetingID=1296&MediaPosition=&ID=2275&CssClass=; FileOpen.aspx?Type=4&ID=3249&MeetingID=1296; Detail_LegiFile.aspx?Frame=&MeetingID=1296&MediaPosition=&ID=2276&CssClass=; FileOpen.aspx?Type=4&ID=3250&MeetingID=1296; Detail_LegiFile.aspx?Frame=&MeetingID=1296&MediaPosition=&ID=2277&CssClass=; FileOpen.aspx?Type=4&ID=3251&MeetingID=1296; Detail_LegiFile.aspx?Frame=&MeetingID=1296&MediaPosition=&ID=2281&CssClass=; FileOpen.aspx?Type=4&ID=3252&MeetingID=1296; Detail_LegiFile.aspx?Frame=&MeetingID=1296&MediaPosition=&ID=2282&CssClass=; FileOpen.aspx?Type=4&ID=3253&MeetingID=1296; Detail_LegiFile.aspx?Frame=&MeetingID=1296&MediaPosition=&ID=2283&CssClass=; FileOpen.aspx?Type=4&ID=3254&MeetingID=1296; Detail_Motion.aspx?Frame=&MeetingID=1296&MinutesID=1182&MediaPosition=&ID=7509&Type=70&CssClass= style="
"1297","https://jeffersoncityga.iqm2.com/Citizens/Detail_Meeting.aspx?ID=1297","2017/12/18 06:00 PM City Council Voting Session - Web Outline - City of Jefferson, Georgia &laquo;Back to Main Site Welcome Meetings Browse Media Notices Boards+ Log in | Help | Register Print This Page Quick Link #1 Quick Link #2 --> City Council Voting Session 12/18/2017 6:00 PM Jefferson Station Community Room Jefferson Station&nbsp;&nbsp;&nbsp;Community Room&nbsp;&nbsp;&nbsp;Jefferson, GA 30549 Downloads: Agenda Agenda Packet Minutes Minutes Packet Audio 1. Call to Order 1. Pledge of Allegiance 2. Roll Call 3. Presentation 4. Approval of the Agenda 2. Approval of Minutes 1. Minutes of Nov 13, 2017 6:00 PM 2. Minutes of Nov 27, 2017 6:00 PM 3. Planning and Development 1. Planning Commission Report a. NovPlanning Commission Letter to City for Dec Meeting 2. 2017-68 : R-17-J09 Annexation/Zoning 1. R-17-J09 Annexation/Zoning Jackson County Industrial Partners, LLC, Applicant and Property Owner, Requests Annexation and LI, Light Industrial Zoning of Property (95.11 Acres, Part of Map/Pa","FileOpen.aspx?Type=14&amp;ID=1200&amp;Inline=True; FileOpen.aspx?Type=1&amp;ID=1200&amp;Inline=True; FileOpen.aspx?Type=15&amp;ID=1184&amp;Inline=True; FileOpen.aspx?Type=12&amp;ID=1184&amp;Inline=True; Detail_Motion.aspx?Frame=&MeetingID=1297&MinutesID=1184&MediaPosition=&ID=7551&Type=70&CssClass= style=; Detail_Motion.aspx?Frame=&MeetingID=1297&MinutesID=1184&MediaPosition=&ID=7552&Type=60&CssClass= style=; Detail_Motion.aspx?Frame=&MeetingID=1297&MinutesID=1184&MediaPosition=&ID=7554&Type=30&AcceptMinutesID=1181&CssClass= style=; Detail_Motion.aspx?Frame=&MeetingID=1297&MinutesID=1184&MediaPosition=&ID=7555&Type=30&AcceptMinutesID=1183&CssClass= style=; Detail_LegiFile.aspx?Frame=&MeetingID=1297&MediaPosition=&ID=2290&CssClass=; FileOpen.aspx?Type=4&ID=3267&MeetingID=1297; Detail_LegiFile.aspx?Frame=&MeetingID=1297&MediaPosition=&ID=2284&CssClass=; FileOpen.aspx?Type=4&ID=3255&MeetingID=1297; FileOpen.aspx?Type=4&ID=3257&MeetingID=1297; FileOpen.aspx?Type=4&ID=3271&MeetingID=1297; FileOpen.aspx?Type=4&ID=3287&MeetingID=1297; Detail_LegiFile.aspx?Frame=&MeetingID=1297&MediaPosition=&ID=2285&CssClass=; FileOpen.aspx?Type=4&ID=3258&MeetingID=1297; FileOpen.aspx?Type=4&ID=3272&MeetingID=1297; Detail_LegiFile.aspx?Frame=&MeetingID=1297&MediaPosition=&ID=2286&CssClass=; FileOpen.aspx?Type=4&ID=3259&MeetingID=1297; FileOpen.aspx?Type=4&ID=3273&MeetingID=1297; Detail_LegiFile.aspx?Frame=&MeetingID=1297&MediaPosition=&ID=2287&CssClass=; FileOpen.aspx?Type=4&ID=3260&MeetingID=1297; FileOpen.aspx?Type=4&ID=3274&MeetingID=1297; Detail_LegiFile.aspx?Frame=&MeetingID=1297&MediaPosition=&ID=2288&CssClass=; FileOpen.aspx?Type=4&ID=3261&MeetingID=1297; FileOpen.aspx?Type=4&ID=3262&MeetingID=1297; FileOpen.aspx?Type=4&ID=3275&MeetingID=1297; Detail_LegiFile.aspx?Frame=&MeetingID=1297&MediaPosition=&ID=2289&CssClass=; FileOpen.aspx?Type=4&ID=3263&MeetingID=1297; FileOpen.aspx?Type=4&ID=3264&MeetingID=1297; FileOpen.aspx?Type=4&ID=3265&MeetingID=1297; FileOpen.aspx?Type=4&ID=3266&MeetingID=1297; Detail_LegiFile.aspx?Frame=&MeetingID=1297&MediaPosition=&ID=2291&CssClass=; FileOpen.aspx?Type=4&ID=3268&MeetingID=1297; FileOpen.aspx?Type=4&ID=3269&MeetingID=1297; FileOpen.aspx?Type=4&ID=3285&MeetingID=1297; FileOpen.aspx?Type=4&ID=3286&MeetingID=1297; Detail_LegiFile.aspx?Frame=&MeetingID=1297&MediaPosition=&ID=2292&CssClass=; FileOpen.aspx?Type=4&ID=3270&MeetingID=1297; Detail_LegiFile.aspx?Frame=&MeetingID=1297&MediaPosition=&ID=2275&CssClass=; FileOpen.aspx?Type=4&ID=3249&MeetingID=1297; Detail_LegiFile.aspx?Frame=&MeetingID=1297&MediaPosition=&ID=2276&CssClass=; FileOpen.aspx?Type=4&ID=3250&MeetingID=1297; Detail_LegiFile.aspx?Frame=&MeetingID=1297&MediaPosition=&ID=2281&CssClass=; FileOpen.aspx?Type=4&ID=3252&MeetingID=1297; Detail_LegiFile.aspx?Frame=&MeetingID=1297&MediaPosition=&ID=2282&CssClass=; FileOpen.aspx?Type=4&ID=3253&MeetingID=1297; Detail_Motion.aspx?Frame=&MeetingID=1297&MinutesID=1184&MediaPosition=&ID=7601&Type=70&CssClass= style=; Detail_Motion.aspx?Frame=&MeetingID=1297&MinutesID=1184&MediaPosition=&ID=7602&Type=70&CssClass= style=; Detail_Motion.aspx?Frame=&MeetingID=1297&MinutesID=1184&MediaPosition=&ID=7603&Type=70&CssClass= style="
"1308","https://jeffersoncityga.iqm2.com/Citizens/Detail_Meeting.aspx?ID=1308","2017/11/21 06:00 PM Jefferson & Talmo Planning Commission Regular - Web Outline - City of Jefferson, Georgia &laquo;Back to Main Site Welcome Meetings Browse Media Notices Boards+ Log in | Help | Register Print This Page Quick Link #1 Quick Link #2 --> Jefferson & Talmo Planning Commission Regular 11/21/2017 6:00 PM Jefferson Station Community Room Jefferson Station&nbsp;&nbsp;&nbsp;Community Room&nbsp;&nbsp;&nbsp;Jefferson, GA 30549 Downloads: Agenda Agenda Packet I. Call to Order II. Roll Call III. Old Business -- None IV. Minutes Approval 1. September 19, 2017 Meeting Minutes a. 09192017 PC Minutes V. Review of Public Hearing Procedures - Jerry Weitz VI. R-17-J08 Annexation/zoning 1. R-17-J08 Annexation/Zoning Kevin Casteel, Panattoni Development Company, Applicant, McEver Heirs Family Partnership L.P., Property Owner, Requests Annexation and LI, Light Industrial Zoning of Property (41.64 Acres, Map/Parcel 064/007 and 064/002A) Fronting Approximately 600 Feet on the North Side of Ge","FileOpen.aspx?Type=14&amp;ID=1197&amp;Inline=True; FileOpen.aspx?Type=1&amp;ID=1197&amp;Inline=True; Detail_LegiFile.aspx?Frame=&MeetingID=1308&MediaPosition=&ID=2270&CssClass=; FileOpen.aspx?Type=4&ID=3221&MeetingID=1308; Detail_LegiFile.aspx?Frame=&MeetingID=1308&MediaPosition=&ID=2262&CssClass=; FileOpen.aspx?Type=4&ID=3205&MeetingID=1308; FileOpen.aspx?Type=4&ID=3206&MeetingID=1308; FileOpen.aspx?Type=4&ID=3207&MeetingID=1308; FileOpen.aspx?Type=4&ID=3222&MeetingID=1308; FileOpen.aspx?Type=4&ID=3223&MeetingID=1308; Detail_LegiFile.aspx?Frame=&MeetingID=1308&MediaPosition=&ID=2263&CssClass=; FileOpen.aspx?Type=4&ID=3208&MeetingID=1308; FileOpen.aspx?Type=4&ID=3209&MeetingID=1308; FileOpen.aspx?Type=4&ID=3210&MeetingID=1308; FileOpen.aspx?Type=4&ID=3224&MeetingID=1308; FileOpen.aspx?Type=4&ID=3225&MeetingID=1308; FileOpen.aspx?Type=4&ID=3226&MeetingID=1308; FileOpen.aspx?Type=4&ID=3227&MeetingID=1308; Detail_LegiFile.aspx?Frame=&MeetingID=1308&MediaPosition=&ID=2264&CssClass=; FileOpen.aspx?Type=4&ID=3211&MeetingID=1308; Detail_LegiFile.aspx?Frame=&MeetingID=1308&MediaPosition=&ID=2265&CssClass=; FileOpen.aspx?Type=4&ID=3212&MeetingID=1308; Detail_LegiFile.aspx?Frame=&MeetingID=1308&MediaPosition=&ID=2266&CssClass=; FileOpen.aspx?Type=4&ID=3213&MeetingID=1308; Detail_LegiFile.aspx?Frame=&MeetingID=1308&MediaPosition=&ID=2267&CssClass=; FileOpen.aspx?Type=4&ID=3214&MeetingID=1308; FileOpen.aspx?Type=4&ID=3215&MeetingID=1308; FileOpen.aspx?Type=4&ID=3216&MeetingID=1308; FileOpen.aspx?Type=4&ID=3228&MeetingID=1308; FileOpen.aspx?Type=4&ID=3229&MeetingID=1308; FileOpen.aspx?Type=4&ID=3230&MeetingID=1308; FileOpen.aspx?Type=4&ID=3231&MeetingID=1308; Detail_LegiFile.aspx?Frame=&MeetingID=1308&MediaPosition=&ID=2268&CssClass=; FileOpen.aspx?Type=4&ID=3217&MeetingID=1308; FileOpen.aspx?Type=4&ID=3232&MeetingID=1308; Detail_LegiFile.aspx?Frame=&MeetingID=1308&MediaPosition=&ID=2269&CssClass=; FileOpen.aspx?Type=4&ID=3218&MeetingID=1308; FileOpen.aspx?Type=4&ID=3219&MeetingID=1308; FileOpen.aspx?Type=4&ID=3220&MeetingID=1308"
"1309","https://jeffersoncityga.iqm2.com/Citizens/Detail_Meeting.aspx?ID=1309","2017/12/19 06:00 PM Jefferson & Talmo Planning Commission Regular - Web Outline - City of Jefferson, Georgia &laquo;Back to Main Site Welcome Meetings Browse Media Notices Boards+ Log in | Help | Register Print This Page Quick Link #1 Quick Link #2 --> Jefferson & Talmo Planning Commission Regular 12/19/2017 6:00 PM Jefferson Station Community Room Jefferson Station&nbsp;&nbsp;&nbsp;Community Room&nbsp;&nbsp;&nbsp;Jefferson, GA 30549 Downloads: Agenda Agenda Packet I. Call to Order II. Roll Call III. Old Business - None IV. Minutes Approval 1. 11-21-2017 Meeting Minutes a. 112117 PC Minutes V. Review of Public Hearing Procedures - Jerry Weitz VI. R-17-J08 Annexation/zoning 1. R-17-J08 Annexation/Zoning a. Memo R-17-J08 Revised Zoning Conditions b. R-17-J08 Annexation Staff Report c. R-17-J08 Zoning Staff Report VII. V-17-J18 Variance 1. V-17-J18 Variance Variance Armand Vari/Dewey White, Applicant and Dewey White Property Owner, Requests a Variance to the Land Use Management Code, Arti","FileOpen.aspx?Type=14&amp;ID=1201&amp;Inline=True; FileOpen.aspx?Type=1&amp;ID=1201&amp;Inline=True; Detail_LegiFile.aspx?Frame=&MeetingID=1309&MediaPosition=&ID=2293&CssClass=; FileOpen.aspx?Type=4&ID=3276&MeetingID=1309; Detail_LegiFile.aspx?Frame=&MeetingID=1309&MediaPosition=&ID=2295&CssClass=; FileOpen.aspx?Type=4&ID=3280&MeetingID=1309; FileOpen.aspx?Type=4&ID=3281&MeetingID=1309; FileOpen.aspx?Type=4&ID=3282&MeetingID=1309; Detail_LegiFile.aspx?Frame=&MeetingID=1309&MediaPosition=&ID=2296&CssClass=; FileOpen.aspx?Type=4&ID=3283&MeetingID=1309; Detail_LegiFile.aspx?Frame=&MeetingID=1309&MediaPosition=&ID=2297&CssClass=; Detail_LegiFile.aspx?Frame=&MeetingID=1309&MediaPosition=&ID=2298&CssClass=; FileOpen.aspx?Type=4&ID=3284&MeetingID=1309"
"1315","https://jeffersoncityga.iqm2.com/Citizens/Detail_Meeting.aspx?ID=1315","2018/01/08 06:00 PM City Council Work Session - Web Outline - City of Jefferson, Georgia &laquo;Back to Main Site Welcome Meetings Browse Media Notices Boards+ Log in | Help | Register Print This Page Quick Link #1 Quick Link #2 --> City Council Work Session 1/8/2018 6:00 PM Jefferson Station Community Room Jefferson Station&nbsp;&nbsp;&nbsp;Community Room&nbsp;&nbsp;&nbsp;Jefferson, GA 30549 Downloads: Agenda Agenda Packet Minutes Minutes Packet 1. Call to Order 1. Pledge of Allegiance 2. Roll Call 2. Planning and Development 1. Letter from Planning Commission a. NovPlanning Commission Letter to City for Dec Meeting 2. 2018-1 : R-17-J08 Annexation/Zoning Kevin Casteel, Panattoni Development Company, Applicant, McEver Heirs Family Partnership L.P., Property Owner, Requests Annexation and LI, Light Industrial Zoning of Property (41.64 Acres, Map/Parcel 064/007 and 064/002A) Fronting Approximately 600 Feet on the North Side of Georgia Highway 82, and Approximately 1,525 Feet on the South","FileOpen.aspx?Type=14&amp;ID=1203&amp;Inline=True; FileOpen.aspx?Type=1&amp;ID=1203&amp;Inline=True; FileOpen.aspx?Type=15&amp;ID=1186&amp;Inline=True; FileOpen.aspx?Type=12&amp;ID=1186&amp;Inline=True; Detail_LegiFile.aspx?Frame=&MeetingID=1315&MediaPosition=&ID=2309&CssClass=; FileOpen.aspx?Type=4&ID=3303&MeetingID=1315; Detail_LegiFile.aspx?Frame=&MeetingID=1315&MediaPosition=&ID=2304&CssClass=; FileOpen.aspx?Type=4&ID=3292&MeetingID=1315; FileOpen.aspx?Type=4&ID=3293&MeetingID=1315; FileOpen.aspx?Type=4&ID=3294&MeetingID=1315; FileOpen.aspx?Type=4&ID=3295&MeetingID=1315; FileOpen.aspx?Type=4&ID=3296&MeetingID=1315; FileOpen.aspx?Type=4&ID=3297&MeetingID=1315; FileOpen.aspx?Type=4&ID=3311&MeetingID=1315; Detail_LegiFile.aspx?Frame=&MeetingID=1315&MediaPosition=&ID=2305&CssClass=; FileOpen.aspx?Type=4&ID=3298&MeetingID=1315; Detail_LegiFile.aspx?Frame=&MeetingID=1315&MediaPosition=&ID=2306&CssClass=; FileOpen.aspx?Type=4&ID=3299&MeetingID=1315; FileOpen.aspx?Type=4&ID=3300&MeetingID=1315; Detail_LegiFile.aspx?Frame=&MeetingID=1315&MediaPosition=&ID=2308&CssClass=; FileOpen.aspx?Type=4&ID=3302&MeetingID=1315; Detail_LegiFile.aspx?Frame=&MeetingID=1315&MediaPosition=&ID=2310&CssClass=; FileOpen.aspx?Type=4&ID=3304&MeetingID=1315; FileOpen.aspx?Type=4&ID=3305&MeetingID=1315; Detail_LegiFile.aspx?Frame=&MeetingID=1315&MediaPosition=&ID=2303&CssClass=; FileOpen.aspx?Type=4&ID=3291&MeetingID=1315; Detail_LegiFile.aspx?Frame=&MeetingID=1315&MediaPosition=&ID=2316&CssClass=; FileOpen.aspx?Type=4&ID=3313&MeetingID=1315; FileOpen.aspx?Type=4&ID=3314&MeetingID=1315; FileOpen.aspx?Type=4&ID=3315&MeetingID=1315; Detail_LegiFile.aspx?Frame=&MeetingID=1315&MediaPosition=&ID=2311&CssClass=; FileOpen.aspx?Type=4&ID=3306&MeetingID=1315; Detail_LegiFile.aspx?Frame=&MeetingID=1315&MediaPosition=&ID=2312&CssClass=; Detail_LegiFile.aspx?Frame=&MeetingID=1315&MediaPosition=&ID=2313&CssClass=; Detail_LegiFile.aspx?Frame=&MeetingID=1315&MediaPosition=&ID=2314&CssClass=; FileOpen.aspx?Type=4&ID=3307&MeetingID=1315; FileOpen.aspx?Type=4&ID=3308&MeetingID=1315; FileOpen.aspx?Type=4&ID=3309&MeetingID=1315; Detail_LegiFile.aspx?Frame=&MeetingID=1315&MediaPosition=&ID=2315&CssClass=; FileOpen.aspx?Type=4&ID=3310&MeetingID=1315"
"1316","https://jeffersoncityga.iqm2.com/Citizens/Detail_Meeting.aspx?ID=1316","2018/01/22 06:00 PM City Council Voting Session - Web Outline - City of Jefferson, Georgia &laquo;Back to Main Site Welcome Meetings Browse Media Notices Boards+ Log in | Help | Register Print This Page Quick Link #1 Quick Link #2 --> City Council Voting Session 1/22/2018 6:00 PM Jefferson Station Community Room Jefferson Station&nbsp;&nbsp;&nbsp;Community Room&nbsp;&nbsp;&nbsp;Jefferson, GA 30549 Downloads: Agenda Agenda Packet Minutes Minutes Packet Audio 1. Call to Order 1. Pledge of Allegiance 2. Roll Call 2. Approval of the agenda 3. Minutes Approval 1. Minutes of Dec 11, 2017 6:00 PM 2. Minutes of Dec 18, 2017 6:00 PM 3. Minutes of Dec 27, 2017 6:00 PM 4. Planning and Development 1. 2018-1 : R-17-J08 Annexation/Zoning Kevin Casteel, Panattoni Development Company, Applicant, McEver Heirs Family Partnership L.P., Property Owner, Requests Annexation and LI, Light Industrial Zoning of Property (41.64 Acres, Map/Parcel 064/007 and 064/002A) Fronting Approximately 600 Feet on the North","FileOpen.aspx?Type=14&amp;ID=1205&amp;Inline=True; FileOpen.aspx?Type=1&amp;ID=1205&amp;Inline=True; FileOpen.aspx?Type=15&amp;ID=1187&amp;Inline=True; FileOpen.aspx?Type=12&amp;ID=1187&amp;Inline=True; Detail_Motion.aspx?Frame=&MeetingID=1316&MinutesID=1187&MediaPosition=&ID=7661&Type=70&CssClass= style=; Detail_Motion.aspx?Frame=&MeetingID=1316&MinutesID=1187&MediaPosition=&ID=7663&Type=30&AcceptMinutesID=1182&CssClass= style=; Detail_Motion.aspx?Frame=&MeetingID=1316&MinutesID=1187&MediaPosition=&ID=7664&Type=30&AcceptMinutesID=1184&CssClass= style=; Detail_Motion.aspx?Frame=&MeetingID=1316&MinutesID=1187&MediaPosition=&ID=7665&Type=30&AcceptMinutesID=1185&CssClass= style=; Detail_LegiFile.aspx?Frame=&MeetingID=1316&MediaPosition=&ID=2304&CssClass=; FileOpen.aspx?Type=4&ID=3292&MeetingID=1316; FileOpen.aspx?Type=4&ID=3293&MeetingID=1316; FileOpen.aspx?Type=4&ID=3294&MeetingID=1316; FileOpen.aspx?Type=4&ID=3295&MeetingID=1316; FileOpen.aspx?Type=4&ID=3296&MeetingID=1316; FileOpen.aspx?Type=4&ID=3297&MeetingID=1316; FileOpen.aspx?Type=4&ID=3311&MeetingID=1316; FileOpen.aspx?Type=4&ID=3319&MeetingID=1316; FileOpen.aspx?Type=4&ID=3320&MeetingID=1316; Detail_LegiFile.aspx?Frame=&MeetingID=1316&MediaPosition=&ID=2305&CssClass=; FileOpen.aspx?Type=4&ID=3298&MeetingID=1316; FileOpen.aspx?Type=4&ID=3321&MeetingID=1316; FileOpen.aspx?Type=4&ID=3322&MeetingID=1316; FileOpen.aspx?Type=4&ID=3323&MeetingID=1316; Detail_LegiFile.aspx?Frame=&MeetingID=1316&MediaPosition=&ID=2306&CssClass=; FileOpen.aspx?Type=4&ID=3299&MeetingID=1316; FileOpen.aspx?Type=4&ID=3300&MeetingID=1316; Detail_LegiFile.aspx?Frame=&MeetingID=1316&MediaPosition=&ID=2308&CssClass=; FileOpen.aspx?Type=4&ID=3302&MeetingID=1316; Detail_LegiFile.aspx?Frame=&MeetingID=1316&MediaPosition=&ID=2310&CssClass=; FileOpen.aspx?Type=4&ID=3304&MeetingID=1316; FileOpen.aspx?Type=4&ID=3305&MeetingID=1316; Detail_LegiFile.aspx?Frame=&MeetingID=1316&MediaPosition=&ID=2316&CssClass=; FileOpen.aspx?Type=4&ID=3313&MeetingID=1316; FileOpen.aspx?Type=4&ID=3314&MeetingID=1316; FileOpen.aspx?Type=4&ID=3315&MeetingID=1316; Detail_LegiFile.aspx?Frame=&MeetingID=1316&MediaPosition=&ID=2311&CssClass=; FileOpen.aspx?Type=4&ID=3306&MeetingID=1316; Detail_LegiFile.aspx?Frame=&MeetingID=1316&MediaPosition=&ID=2312&CssClass=; Detail_LegiFile.aspx?Frame=&MeetingID=1316&MediaPosition=&ID=2313&CssClass="
"1318","https://jeffersoncityga.iqm2.com/Citizens/Detail_Meeting.aspx?ID=1318","2018/02/12 06:00 PM City Council Work Session - Web Outline - City of Jefferson, Georgia &laquo;Back to Main Site Welcome Meetings Browse Media Notices Boards+ Log in | Help | Register Print This Page Quick Link #1 Quick Link #2 --> City Council Work Session 2/12/2018 6:00 PM Jefferson Station Community Room Jefferson Station&nbsp;&nbsp;&nbsp;Community Room&nbsp;&nbsp;&nbsp;Jefferson, GA 30549 Downloads: Agenda Agenda Packet Minutes Minutes Packet 1. Call to Order 1. Pledge of Allegiance 2. Roll Call 3. Changes to Agenda 2. Presentations 1. Employee Recognition 2. Arbor Day Proclamation a. 2018 Arbor Day 3. Annual Police Department Awards 3. Planning and Development 1. V-17-J17 Variance Thomas Mooser, Applicant and Property Owner, Requests a Variance to the Land Use Management Code, Article 17, “Sign Regulations,” Chapter 17.6, “Signs Permitted by Zoning District and Dimensional Requirements,” to Exceed Number, Area, and Height Allowances for Signs in the C-2, Highway Commercial, Zonin","FileOpen.aspx?Type=14&amp;ID=1206&amp;Inline=True; FileOpen.aspx?Type=1&amp;ID=1206&amp;Inline=True; FileOpen.aspx?Type=15&amp;ID=1188&amp;Inline=True; FileOpen.aspx?Type=12&amp;ID=1188&amp;Inline=True; Detail_LegiFile.aspx?Frame=&MeetingID=1318&MediaPosition=&ID=2323&CssClass=; Detail_LegiFile.aspx?Frame=&MeetingID=1318&MediaPosition=&ID=2321&CssClass=; FileOpen.aspx?Type=4&ID=3324&MeetingID=1318; Detail_LegiFile.aspx?Frame=&MeetingID=1318&MediaPosition=&ID=2320&CssClass=; Detail_LegiFile.aspx?Frame=&MeetingID=1318&MediaPosition=&ID=2324&CssClass=; FileOpen.aspx?Type=4&ID=3325&MeetingID=1318; FileOpen.aspx?Type=4&ID=3329&MeetingID=1318; Detail_LegiFile.aspx?Frame=&MeetingID=1318&MediaPosition=&ID=2325&CssClass=; FileOpen.aspx?Type=4&ID=3326&MeetingID=1318; FileOpen.aspx?Type=4&ID=3327&MeetingID=1318; FileOpen.aspx?Type=4&ID=3328&MeetingID=1318; FileOpen.aspx?Type=4&ID=3354&MeetingID=1318; Detail_LegiFile.aspx?Frame=&MeetingID=1318&MediaPosition=&ID=2326&CssClass=; FileOpen.aspx?Type=4&ID=3330&MeetingID=1318; Detail_LegiFile.aspx?Frame=&MeetingID=1318&MediaPosition=&ID=2327&CssClass=; FileOpen.aspx?Type=4&ID=3331&MeetingID=1318; Detail_LegiFile.aspx?Frame=&MeetingID=1318&MediaPosition=&ID=2328&CssClass=; FileOpen.aspx?Type=4&ID=3332&MeetingID=1318; Detail_LegiFile.aspx?Frame=&MeetingID=1318&MediaPosition=&ID=2329&CssClass=; FileOpen.aspx?Type=4&ID=3333&MeetingID=1318; FileOpen.aspx?Type=4&ID=3334&MeetingID=1318; FileOpen.aspx?Type=4&ID=3335&MeetingID=1318; FileOpen.aspx?Type=4&ID=3336&MeetingID=1318; FileOpen.aspx?Type=4&ID=3337&MeetingID=1318; FileOpen.aspx?Type=4&ID=3338&MeetingID=1318; Detail_LegiFile.aspx?Frame=&MeetingID=1318&MediaPosition=&ID=2330&CssClass=; FileOpen.aspx?Type=4&ID=3355&MeetingID=1318; FileOpen.aspx?Type=4&ID=3339&MeetingID=1318; Detail_LegiFile.aspx?Frame=&MeetingID=1318&MediaPosition=&ID=2331&CssClass=; FileOpen.aspx?Type=4&ID=3340&MeetingID=1318; FileOpen.aspx?Type=4&ID=3341&MeetingID=1318; FileOpen.aspx?Type=4&ID=3342&MeetingID=1318; FileOpen.aspx?Type=4&ID=3343&MeetingID=1318; FileOpen.aspx?Type=4&ID=3344&MeetingID=1318; Detail_LegiFile.aspx?Frame=&MeetingID=1318&MediaPosition=&ID=2335&CssClass=; FileOpen.aspx?Type=4&ID=3352&MeetingID=1318; Detail_LegiFile.aspx?Frame=&MeetingID=1318&MediaPosition=&ID=2336&CssClass=; FileOpen.aspx?Type=4&ID=3353&MeetingID=1318; Detail_LegiFile.aspx?Frame=&MeetingID=1318&MediaPosition=&ID=2332&CssClass=; FileOpen.aspx?Type=4&ID=3345&MeetingID=1318; FileOpen.aspx?Type=4&ID=3346&MeetingID=1318; FileOpen.aspx?Type=4&ID=3347&MeetingID=1318; FileOpen.aspx?Type=4&ID=3348&MeetingID=1318; FileOpen.aspx?Type=4&ID=3349&MeetingID=1318; FileOpen.aspx?Type=4&ID=3356&MeetingID=1318; Detail_LegiFile.aspx?Frame=&MeetingID=1318&MediaPosition=&ID=2333&CssClass=; FileOpen.aspx?Type=4&ID=3350&MeetingID=1318; Detail_LegiFile.aspx?Frame=&MeetingID=1318&MediaPosition=&ID=2337&CssClass=; Detail_LegiFile.aspx?Frame=&MeetingID=1318&MediaPosition=&ID=2334&CssClass=; FileOpen.aspx?Type=4&ID=3351&MeetingID=1318; Detail_Motion.aspx?Frame=&MeetingID=1318&MinutesID=1188&MediaPosition=&ID=7762&Type=70&CssClass= style="
"1320","https://jeffersoncityga.iqm2.com/Citizens/Detail_Meeting.aspx?ID=1320","2018/02/26 06:00 PM City Council Voting Session - Web Outline - City of Jefferson, Georgia &laquo;Back to Main Site Welcome Meetings Browse Media Notices Boards+ Log in | Help | Register Print This Page Quick Link #1 Quick Link #2 --> City Council Voting Session 2/26/2018 6:00 PM Jefferson Station Community Room Jefferson Station&nbsp;&nbsp;&nbsp;Community Room&nbsp;&nbsp;&nbsp;Jefferson, GA 30549 Downloads: Agenda Agenda Packet Minutes Minutes Packet 1. Call to Order A. Pledge of Allegiance 1. Roll Call B. Minutes Approval 1. Minutes of Jan 8, 2018 6:00 PM 2. Minutes of Jan 22, 2018 6:00 PM 2. Planning and Development 1. V-17-J17 Variance Thomas Mooser, Applicant and Property Owner, Requests a Variance to the Land Use Management Code, Article 17, “Sign Regulations,” Chapter 17.6, “Signs Permitted by Zoning District and Dimensional Requirements,” to Exceed Number, Area, and Height Allowances for Signs in the C-2, Highway Commercial, Zoning District for Property Located at 5641 U. S. Hi","FileOpen.aspx?Type=14&amp;ID=1208&amp;Inline=True; FileOpen.aspx?Type=1&amp;ID=1208&amp;Inline=True; FileOpen.aspx?Type=15&amp;ID=1194&amp;Inline=True; FileOpen.aspx?Type=12&amp;ID=1194&amp;Inline=True; Detail_Motion.aspx?Frame=&MeetingID=1320&MinutesID=1194&MediaPosition=&ID=8004&Type=30&AcceptMinutesID=1186&CssClass= style=; Detail_Motion.aspx?Frame=&MeetingID=1320&MinutesID=1194&MediaPosition=&ID=8005&Type=30&AcceptMinutesID=1187&CssClass= style=; Detail_LegiFile.aspx?Frame=&MeetingID=1320&MediaPosition=&ID=2324&CssClass=; FileOpen.aspx?Type=4&ID=3325&MeetingID=1320; FileOpen.aspx?Type=4&ID=3329&MeetingID=1320; Detail_LegiFile.aspx?Frame=&MeetingID=1320&MediaPosition=&ID=2325&CssClass=; FileOpen.aspx?Type=4&ID=3326&MeetingID=1320; FileOpen.aspx?Type=4&ID=3327&MeetingID=1320; FileOpen.aspx?Type=4&ID=3328&MeetingID=1320; FileOpen.aspx?Type=4&ID=3354&MeetingID=1320; FileOpen.aspx?Type=4&ID=3394&MeetingID=1320; FileOpen.aspx?Type=4&ID=3395&MeetingID=1320; FileOpen.aspx?Type=4&ID=3396&MeetingID=1320; FileOpen.aspx?Type=4&ID=3397&MeetingID=1320; FileOpen.aspx?Type=4&ID=3398&MeetingID=1320; FileOpen.aspx?Type=4&ID=3399&MeetingID=1320; FileOpen.aspx?Type=4&ID=3400&MeetingID=1320; FileOpen.aspx?Type=4&ID=3401&MeetingID=1320; Detail_LegiFile.aspx?Frame=&MeetingID=1320&MediaPosition=&ID=2326&CssClass=; FileOpen.aspx?Type=4&ID=3330&MeetingID=1320; Detail_LegiFile.aspx?Frame=&MeetingID=1320&MediaPosition=&ID=2327&CssClass=; FileOpen.aspx?Type=4&ID=3331&MeetingID=1320; Detail_LegiFile.aspx?Frame=&MeetingID=1320&MediaPosition=&ID=2328&CssClass=; FileOpen.aspx?Type=4&ID=3332&MeetingID=1320; Detail_LegiFile.aspx?Frame=&MeetingID=1320&MediaPosition=&ID=2330&CssClass=; FileOpen.aspx?Type=4&ID=3355&MeetingID=1320; FileOpen.aspx?Type=4&ID=3339&MeetingID=1320; Detail_LegiFile.aspx?Frame=&MeetingID=1320&MediaPosition=&ID=2335&CssClass=; FileOpen.aspx?Type=4&ID=3352&MeetingID=1320; Detail_LegiFile.aspx?Frame=&MeetingID=1320&MediaPosition=&ID=2336&CssClass=; FileOpen.aspx?Type=4&ID=3353&MeetingID=1320; Detail_LegiFile.aspx?Frame=&MeetingID=1320&MediaPosition=&ID=2332&CssClass=; FileOpen.aspx?Type=4&ID=3345&MeetingID=1320; FileOpen.aspx?Type=4&ID=3346&MeetingID=1320; FileOpen.aspx?Type=4&ID=3347&MeetingID=1320; FileOpen.aspx?Type=4&ID=3348&MeetingID=1320; FileOpen.aspx?Type=4&ID=3356&MeetingID=1320; FileOpen.aspx?Type=4&ID=3349&MeetingID=1320; Detail_LegiFile.aspx?Frame=&MeetingID=1320&MediaPosition=&ID=2333&CssClass=; FileOpen.aspx?Type=4&ID=3350&MeetingID=1320; Detail_LegiFile.aspx?Frame=&MeetingID=1320&MediaPosition=&ID=2353&CssClass=; FileOpen.aspx?Type=4&ID=3391&MeetingID=1320; FileOpen.aspx?Type=4&ID=3392&MeetingID=1320; FileOpen.aspx?Type=4&ID=3393&MeetingID=1320"
"1365","https://jeffersoncityga.iqm2.com/Citizens/Detail_Meeting.aspx?ID=1365","2019/09/09 06:00 PM City Council Work Session - Web Outline - City of Jefferson, Georgia &laquo;Back to Main Site Welcome Meetings Browse Media Notices Boards+ Log in | Help | Register Print This Page Quick Link #1 Quick Link #2 --> City Council Work Session 9/9/2019 6:00 PM Jefferson Station Community Room Jefferson Station&nbsp;&nbsp;&nbsp;Community Room&nbsp;&nbsp;&nbsp;Jefferson, GA 30549 Downloads: Agenda Agenda Packet Minutes Minutes Packet Audio 1. Call to Order 1. Pledge of Allegiance 2. Roll Call 2. Approval of Agenda 3. Planning and Development 1. Summary of Public Hearing Procedures 2. Letter from Planning Commission 1. Letter from Planning Commission a. Aug Planning Commission Letter to City 3. 2019-66 : AA-19-J01 Appeal of Administrative Decision: Pursuant to Chapter 22.2 of the Jefferson Land Use Management Code, Jeremy Harris, Property Owner of Harris Meats Located at 705 Sycamore Street, Jefferson, GA, 30549 (Map/Parcel 068/018) Appeals an Administrative Decision by the","FileOpen.aspx?Type=14&amp;ID=1270&amp;Inline=True; FileOpen.aspx?Type=1&amp;ID=1270&amp;Inline=True; FileOpen.aspx?Type=15&amp;ID=1231&amp;Inline=True; FileOpen.aspx?Type=12&amp;ID=1231&amp;Inline=True; Detail_Motion.aspx?Frame=&MeetingID=1365&MinutesID=1231&MediaPosition=&ID=9790&Type=70&CssClass= style=; Detail_LegiFile.aspx?Frame=&MeetingID=1365&MediaPosition=&ID=2738&CssClass=; FileOpen.aspx?Type=4&ID=4131&MeetingID=1365; Detail_LegiFile.aspx?Frame=&MeetingID=1365&MediaPosition=&ID=2739&CssClass=; FileOpen.aspx?Type=4&ID=4132&MeetingID=1365; FileOpen.aspx?Type=4&ID=4133&MeetingID=1365; FileOpen.aspx?Type=4&ID=4134&MeetingID=1365; FileOpen.aspx?Type=4&ID=4135&MeetingID=1365; FileOpen.aspx?Type=4&ID=4137&MeetingID=1365; FileOpen.aspx?Type=4&ID=4138&MeetingID=1365; Detail_LegiFile.aspx?Frame=&MeetingID=1365&MediaPosition=&ID=2740&CssClass=; FileOpen.aspx?Type=4&ID=4139&MeetingID=1365; FileOpen.aspx?Type=4&ID=4140&MeetingID=1365; Detail_LegiFile.aspx?Frame=&MeetingID=1365&MediaPosition=&ID=2741&CssClass=; FileOpen.aspx?Type=4&ID=4141&MeetingID=1365; FileOpen.aspx?Type=4&ID=4142&MeetingID=1365; Detail_LegiFile.aspx?Frame=&MeetingID=1365&MediaPosition=&ID=2742&CssClass=; FileOpen.aspx?Type=4&ID=4143&MeetingID=1365; FileOpen.aspx?Type=4&ID=4144&MeetingID=1365; Detail_LegiFile.aspx?Frame=&MeetingID=1365&MediaPosition=&ID=2743&CssClass=; FileOpen.aspx?Type=4&ID=4145&MeetingID=1365; Detail_LegiFile.aspx?Frame=&MeetingID=1365&MediaPosition=&ID=2744&CssClass=; FileOpen.aspx?Type=4&ID=4146&MeetingID=1365; Detail_LegiFile.aspx?Frame=&MeetingID=1365&MediaPosition=&ID=2745&CssClass=; FileOpen.aspx?Type=4&ID=4147&MeetingID=1365; FileOpen.aspx?Type=4&ID=4148&MeetingID=1365; FileOpen.aspx?Type=4&ID=4149&MeetingID=1365; FileOpen.aspx?Type=4&ID=4150&MeetingID=1365; FileOpen.aspx?Type=4&ID=4151&MeetingID=1365; FileOpen.aspx?Type=4&ID=4153&MeetingID=1365; FileOpen.aspx?Type=4&ID=4154&MeetingID=1365; Detail_LegiFile.aspx?Frame=&MeetingID=1365&MediaPosition=&ID=2746&CssClass=; FileOpen.aspx?Type=4&ID=4155&MeetingID=1365; FileOpen.aspx?Type=4&ID=4156&MeetingID=1365; FileOpen.aspx?Type=4&ID=4157&MeetingID=1365; Detail_LegiFile.aspx?Frame=&MeetingID=1365&MediaPosition=&ID=2724&CssClass=; FileOpen.aspx?Type=4&ID=4091&MeetingID=1365; FileOpen.aspx?Type=4&ID=4092&MeetingID=1365; FileOpen.aspx?Type=4&ID=4093&MeetingID=1365; FileOpen.aspx?Type=4&ID=4094&MeetingID=1365; FileOpen.aspx?Type=4&ID=4099&MeetingID=1365; FileOpen.aspx?Type=4&ID=4167&MeetingID=1365; FileOpen.aspx?Type=4&ID=4168&MeetingID=1365; Detail_LegiFile.aspx?Frame=&MeetingID=1365&MediaPosition=&ID=2725&CssClass=; FileOpen.aspx?Type=4&ID=4100&MeetingID=1365; FileOpen.aspx?Type=4&ID=4101&MeetingID=1365; FileOpen.aspx?Type=4&ID=4102&MeetingID=1365; FileOpen.aspx?Type=4&ID=4103&MeetingID=1365; FileOpen.aspx?Type=4&ID=4104&MeetingID=1365; Detail_LegiFile.aspx?Frame=&MeetingID=1365&MediaPosition=&ID=2721&CssClass=; FileOpen.aspx?Type=4&ID=4086&MeetingID=1365; FileOpen.aspx?Type=4&ID=4087&MeetingID=1365; FileOpen.aspx?Type=4&ID=4088&MeetingID=1365; Detail_LegiFile.aspx?Frame=&MeetingID=1365&MediaPosition=&ID=2699&CssClass=; FileOpen.aspx?Type=4&ID=4047&MeetingID=1365; FileOpen.aspx?Type=4&ID=4095&MeetingID=1365; FileOpen.aspx?Type=4&ID=4096&MeetingID=1365; Detail_LegiFile.aspx?Frame=&MeetingID=1365&MediaPosition=&ID=2747&CssClass=; FileOpen.aspx?Type=4&ID=4158&MeetingID=1365; Detail_LegiFile.aspx?Frame=&MeetingID=1365&MediaPosition=&ID=2748&CssClass=; FileOpen.aspx?Type=4&ID=4159&MeetingID=1365; Detail_LegiFile.aspx?Frame=&MeetingID=1365&MediaPosition=&ID=2749&CssClass=; FileOpen.aspx?Type=4&ID=4160&MeetingID=1365; FileOpen.aspx?Type=4&ID=4161&MeetingID=1365; Detail_LegiFile.aspx?Frame=&MeetingID=1365&MediaPosition=&ID=2750&CssClass=; FileOpen.aspx?Type=4&ID=4162&MeetingID=1365; Detail_LegiFile.aspx?Frame=&MeetingID=1365&MediaPosition=&ID=2751&CssClass=; FileOpen.aspx?Type=4&ID=4163&MeetingID=1365; Detail_LegiFile.aspx?Frame=&MeetingID=1365&MediaPosition=&ID=2752&CssClass=; FileOpen.aspx?Type=4&ID=4164&MeetingID=1365; FileOpen.aspx?Type=4&ID=4165&MeetingID=1365; FileOpen.aspx?Type=4&ID=4166&MeetingID=1365; Detail_Motion.aspx?Frame=&MeetingID=1365&MinutesID=1231&MediaPosition=&ID=9868&Type=70&CssClass= style=; Detail_Motion.aspx?Frame=&MeetingID=1365&MinutesID=1231&MediaPosition=&ID=9871&Type=60&CssClass= style="
"1366","https://jeffersoncityga.iqm2.com/Citizens/Detail_Meeting.aspx?ID=1366","2019/09/23 06:00 PM City Council Voting Session - Web Outline - City of Jefferson, Georgia &laquo;Back to Main Site Welcome Meetings Browse Media Notices Boards+ Log in | Help | Register Print This Page Quick Link #1 Quick Link #2 --> City Council Voting Session 9/23/2019 6:00 PM Jefferson Station Community Room Jefferson Station&nbsp;&nbsp;&nbsp;Community Room&nbsp;&nbsp;&nbsp;Jefferson, GA 30549 Downloads: Agenda Agenda Packet Minutes Minutes Packet Audio 1. Call to Order 1. Pledge of Allegiance 2. Roll Call 2. Approval of Agenda 3. Minutes Approval 1. Minutes of Aug 12, 2019 6:00 PM 2. Minutes of Aug 26, 2019 6:00 PM 4. Planning and Development 1. 2019-70 : V-19-J07 (Variance) Alliance Residential, by Noah Randall, Applicant, White Repair and Contracting Company, Property Owner, Seeks a Variance to the Land Use Management Code, Article 16, “Tree Protection and Landscaping”, Chapter 16.3, “Tree Protection”, Section 16.3.14 “Forest Management Activities,” to Reduce the Required Five-Y","FileOpen.aspx?Type=14&amp;ID=1271&amp;Inline=True; FileOpen.aspx?Type=1&amp;ID=1271&amp;Inline=True; FileOpen.aspx?Type=15&amp;ID=1233&amp;Inline=True; FileOpen.aspx?Type=12&amp;ID=1233&amp;Inline=True; Detail_Motion.aspx?Frame=&MeetingID=1366&MinutesID=1233&MediaPosition=&ID=9881&Type=70&CssClass= style=; Detail_Motion.aspx?Frame=&MeetingID=1366&MinutesID=1233&MediaPosition=&ID=9883&Type=30&AcceptMinutesID=1229&CssClass= style=; Detail_Motion.aspx?Frame=&MeetingID=1366&MinutesID=1233&MediaPosition=&ID=9884&Type=30&AcceptMinutesID=1230&CssClass= style=; Detail_LegiFile.aspx?Frame=&MeetingID=1366&MediaPosition=&ID=2741&CssClass=; FileOpen.aspx?Type=4&ID=4141&MeetingID=1366; FileOpen.aspx?Type=4&ID=4142&MeetingID=1366; Detail_LegiFile.aspx?Frame=&MeetingID=1366&MediaPosition=&ID=2742&CssClass=; FileOpen.aspx?Type=4&ID=4143&MeetingID=1366; FileOpen.aspx?Type=4&ID=4144&MeetingID=1366; Detail_LegiFile.aspx?Frame=&MeetingID=1366&MediaPosition=&ID=2743&CssClass=; FileOpen.aspx?Type=4&ID=4145&MeetingID=1366; Detail_LegiFile.aspx?Frame=&MeetingID=1366&MediaPosition=&ID=2744&CssClass=; FileOpen.aspx?Type=4&ID=4146&MeetingID=1366; Detail_LegiFile.aspx?Frame=&MeetingID=1366&MediaPosition=&ID=2745&CssClass=; FileOpen.aspx?Type=4&ID=4147&MeetingID=1366; FileOpen.aspx?Type=4&ID=4148&MeetingID=1366; FileOpen.aspx?Type=4&ID=4149&MeetingID=1366; FileOpen.aspx?Type=4&ID=4150&MeetingID=1366; FileOpen.aspx?Type=4&ID=4151&MeetingID=1366; FileOpen.aspx?Type=4&ID=4153&MeetingID=1366; FileOpen.aspx?Type=4&ID=4154&MeetingID=1366; Detail_LegiFile.aspx?Frame=&MeetingID=1366&MediaPosition=&ID=2746&CssClass=; FileOpen.aspx?Type=4&ID=4155&MeetingID=1366; FileOpen.aspx?Type=4&ID=4156&MeetingID=1366; FileOpen.aspx?Type=4&ID=4157&MeetingID=1366; Detail_LegiFile.aspx?Frame=&MeetingID=1366&MediaPosition=&ID=2753&CssClass=; FileOpen.aspx?Type=4&ID=4169&MeetingID=1366; FileOpen.aspx?Type=4&ID=4170&MeetingID=1366; FileOpen.aspx?Type=4&ID=4171&MeetingID=1366; FileOpen.aspx?Type=4&ID=4173&MeetingID=1366; FileOpen.aspx?Type=4&ID=4174&MeetingID=1366; FileOpen.aspx?Type=4&ID=4175&MeetingID=1366; Detail_LegiFile.aspx?Frame=&MeetingID=1366&MediaPosition=&ID=2725&CssClass=; FileOpen.aspx?Type=4&ID=4100&MeetingID=1366; FileOpen.aspx?Type=4&ID=4101&MeetingID=1366; FileOpen.aspx?Type=4&ID=4102&MeetingID=1366; FileOpen.aspx?Type=4&ID=4103&MeetingID=1366; FileOpen.aspx?Type=4&ID=4104&MeetingID=1366; Detail_LegiFile.aspx?Frame=&MeetingID=1366&MediaPosition=&ID=2721&CssClass=; FileOpen.aspx?Type=4&ID=4086&MeetingID=1366; FileOpen.aspx?Type=4&ID=4087&MeetingID=1366; FileOpen.aspx?Type=4&ID=4088&MeetingID=1366; Detail_LegiFile.aspx?Frame=&MeetingID=1366&MediaPosition=&ID=2699&CssClass=; FileOpen.aspx?Type=4&ID=4047&MeetingID=1366; FileOpen.aspx?Type=4&ID=4095&MeetingID=1366; FileOpen.aspx?Type=4&ID=4096&MeetingID=1366; Detail_LegiFile.aspx?Frame=&MeetingID=1366&MediaPosition=&ID=2754&CssClass=; FileOpen.aspx?Type=4&ID=4176&MeetingID=1366; FileOpen.aspx?Type=4&ID=4177&MeetingID=1366; FileOpen.aspx?Type=4&ID=4178&MeetingID=1366; Detail_LegiFile.aspx?Frame=&MeetingID=1366&MediaPosition=&ID=2747&CssClass=; FileOpen.aspx?Type=4&ID=4158&MeetingID=1366; Detail_LegiFile.aspx?Frame=&MeetingID=1366&MediaPosition=&ID=2748&CssClass=; FileOpen.aspx?Type=4&ID=4159&MeetingID=1366; Detail_LegiFile.aspx?Frame=&MeetingID=1366&MediaPosition=&ID=2749&CssClass=; FileOpen.aspx?Type=4&ID=4160&MeetingID=1366; Detail_LegiFile.aspx?Frame=&MeetingID=1366&MediaPosition=&ID=2750&CssClass=; FileOpen.aspx?Type=4&ID=4162&MeetingID=1366; Detail_LegiFile.aspx?Frame=&MeetingID=1366&MediaPosition=&ID=2755&CssClass=; FileOpen.aspx?Type=4&ID=4179&MeetingID=1366; FileOpen.aspx?Type=4&ID=4180&MeetingID=1366; Detail_Motion.aspx?Frame=&MeetingID=1366&MinutesID=1233&MediaPosition=&ID=9996&Type=70&CssClass= style=; Detail_Motion.aspx?Frame=&MeetingID=1366&MinutesID=1233&MediaPosition=&ID=9948&Type=70&CssClass= style="
"1380","https://jeffersoncityga.iqm2.com/Citizens/Detail_Meeting.aspx?ID=1380","2019/08/20 06:00 PM Jefferson & Talmo Planning Commission Regular - Web Outline - City of Jefferson, Georgia &laquo;Back to Main Site Welcome Meetings Browse Media Notices Boards+ Log in | Help | Register Print This Page Quick Link #1 Quick Link #2 --> Jefferson & Talmo Planning Commission Regular 8/20/2019 6:00 PM Jefferson Station Community Room Jefferson Station&nbsp;&nbsp;&nbsp;Community Room&nbsp;&nbsp;&nbsp;Jefferson, GA 30549 Downloads: Agenda Agenda Packet I. Call to Order 1. Roll Call II. Roll Call III. Old Business - - None IV. Approval of Minutes - July 16, 2019 meeting 1. Approval of Minutes – July 16, 2019 Meeting a. July 2019 minutes V. Review of Public Hearing Procedures - - Jerry Weitz VI. V-19-J06 (Variance) Harris Meats, applicant, Jermemy Harris 1. V-19-J06 (Variance) Harris Meats, Applicant, Jeremy Harris, Property Owner, Seeks a Variance to the Land Use Management Code, Article 8, “Commercial and Industrial Zoning Districts,” Chapter 8.3, “C-2 Highway Commercial Di","FileOpen.aspx?Type=14&amp;ID=1268&amp;Inline=True; FileOpen.aspx?Type=1&amp;ID=1268&amp;Inline=True; Detail_LegiFile.aspx?Frame=&MeetingID=1380&MediaPosition=&ID=2729&CssClass=; FileOpen.aspx?Type=4&ID=4111&MeetingID=1380; Detail_LegiFile.aspx?Frame=&MeetingID=1380&MediaPosition=&ID=2730&CssClass=; FileOpen.aspx?Type=4&ID=4112&MeetingID=1380; Detail_LegiFile.aspx?Frame=&MeetingID=1380&MediaPosition=&ID=2731&CssClass=; FileOpen.aspx?Type=4&ID=4113&MeetingID=1380; Detail_LegiFile.aspx?Frame=&MeetingID=1380&MediaPosition=&ID=2732&CssClass=; FileOpen.aspx?Type=4&ID=4114&MeetingID=1380; Detail_LegiFile.aspx?Frame=&MeetingID=1380&MediaPosition=&ID=2733&CssClass=; FileOpen.aspx?Type=4&ID=4115&MeetingID=1380; Detail_LegiFile.aspx?Frame=&MeetingID=1380&MediaPosition=&ID=2734&CssClass=; FileOpen.aspx?Type=4&ID=4116&MeetingID=1380"
"1409","https://jeffersoncityga.iqm2.com/Citizens/Detail_Meeting.aspx?ID=1409","2020/03/02 06:00 PM Jefferson & Talmo Planning Commission Regular - Web Outline - City of Jefferson, Georgia &laquo;Back to Main Site Welcome Meetings Browse Media Notices Boards+ Log in | Help | Register Print This Page Quick Link #1 Quick Link #2 --> Jefferson & Talmo Planning Commission Regular 3/2/2020 6:00 PM Jefferson Station Community Room Jefferson Station&nbsp;&nbsp;&nbsp;Community Room&nbsp;&nbsp;&nbsp;Jefferson, GA 30549 Downloads: Agenda Agenda Packet I. Call to Order -- Chip McEver II. Roll Call III. Old Business -- None IV. Approval of Minutes - February 3, 2020 meeting 1. 02-03-2020 Meeting Minutes a. February 2020 minutes V. Review of Public Hearing Procedures - Jerry Weitz VI. New Business 1. R-20-J04 Rezone: Alliance Residential, by Noah Randall, White Repair and Contracting Company, Property Owner, Seeks to Rezone from MFR (Multi-Family Residential District) Conditional Per R-03-J22 and C-2 (Highway Commercial District) Conditional Per R-06-J15 to MFR (Multi-Family R","FileOpen.aspx?Type=14&amp;ID=1290&amp;Inline=True; FileOpen.aspx?Type=1&amp;ID=1290&amp;Inline=True; Detail_LegiFile.aspx?Frame=&MeetingID=1409&MediaPosition=&ID=2875&CssClass=; FileOpen.aspx?Type=4&ID=4401&MeetingID=1409; Detail_LegiFile.aspx?Frame=&MeetingID=1409&MediaPosition=&ID=2876&CssClass=; FileOpen.aspx?Type=4&ID=4402&MeetingID=1409; Detail_LegiFile.aspx?Frame=&MeetingID=1409&MediaPosition=&ID=2877&CssClass=; FileOpen.aspx?Type=4&ID=4403&MeetingID=1409; Detail_LegiFile.aspx?Frame=&MeetingID=1409&MediaPosition=&ID=2878&CssClass=; FileOpen.aspx?Type=4&ID=4409&MeetingID=1409; Detail_LegiFile.aspx?Frame=&MeetingID=1409&MediaPosition=&ID=2879&CssClass=; FileOpen.aspx?Type=4&ID=4404&MeetingID=1409; Detail_LegiFile.aspx?Frame=&MeetingID=1409&MediaPosition=&ID=2880&CssClass=; FileOpen.aspx?Type=4&ID=4405&MeetingID=1409; Detail_LegiFile.aspx?Frame=&MeetingID=1409&MediaPosition=&ID=2881&CssClass=; FileOpen.aspx?Type=4&ID=4406&MeetingID=1409; FileOpen.aspx?Type=4&ID=4407&MeetingID=1409"
"1412","https://jeffersoncityga.iqm2.com/Citizens/Detail_Meeting.aspx?ID=1412","2020/03/09 06:00 PM City Council Work Session - Web Outline - City of Jefferson, Georgia &laquo;Back to Main Site Welcome Meetings Browse Media Notices Boards+ Log in | Help | Register Print This Page Quick Link #1 Quick Link #2 --> City Council Work Session 3/9/2020 6:00 PM Jefferson Station Community Room Jefferson Station&nbsp;&nbsp;&nbsp;Community Room&nbsp;&nbsp;&nbsp;Jefferson, GA 30549 Downloads: Agenda Agenda Packet Minutes Minutes Packet Audio 1. Call to Order 1. Pledge of Allegiance 2. Roll Call 2. Approval of Agenda 1. Motion to approve agenda 3. Presentation by the Police Department 4. Presentation by MSI Benefits Group 1. Health Insurance Renewal a. Jefferson Renewal 2020 5. Planning and Development (Old Business) 1. 2020-17 : V-20-J04 Variance Frater James, LLC, property owner and applicant, by Brandt Bentley, seeks a variance to the land use management code, Article 7, “Residential Zoning Districts,” Chapter 7.8, “PCD, Planned Community Development District,” Section 7.8","FileOpen.aspx?Type=14&amp;ID=1292&amp;Inline=True; FileOpen.aspx?Type=1&amp;ID=1292&amp;Inline=True; FileOpen.aspx?Type=15&amp;ID=1247&amp;Inline=True; FileOpen.aspx?Type=12&amp;ID=1247&amp;Inline=True; Detail_Motion.aspx?Frame=&MeetingID=1412&MinutesID=1247&MediaPosition=&ID=10587&Type=60&CssClass= style=; Detail_Motion.aspx?Frame=&MeetingID=1412&MinutesID=1247&MediaPosition=&ID=10588&Type=70&CssClass= style=; Detail_LegiFile.aspx?Frame=&MeetingID=1412&MediaPosition=&ID=2911&CssClass=; FileOpen.aspx?Type=4&ID=4464&MeetingID=1412; Detail_LegiFile.aspx?Frame=&MeetingID=1412&MediaPosition=&ID=2854&CssClass=; FileOpen.aspx?Type=4&ID=4386&MeetingID=1412; FileOpen.aspx?Type=4&ID=4357&MeetingID=1412; Detail_LegiFile.aspx?Frame=&MeetingID=1412&MediaPosition=&ID=2855&CssClass=; FileOpen.aspx?Type=4&ID=4387&MeetingID=1412; FileOpen.aspx?Type=4&ID=4439&MeetingID=1412; FileOpen.aspx?Type=4&ID=4440&MeetingID=1412; FileOpen.aspx?Type=4&ID=4441&MeetingID=1412; FileOpen.aspx?Type=4&ID=4358&MeetingID=1412; Detail_LegiFile.aspx?Frame=&MeetingID=1412&MediaPosition=&ID=2857&CssClass=; FileOpen.aspx?Type=4&ID=4388&MeetingID=1412; FileOpen.aspx?Type=4&ID=4360&MeetingID=1412; Detail_LegiFile.aspx?Frame=&MeetingID=1412&MediaPosition=&ID=2896&CssClass=; FileOpen.aspx?Type=4&ID=4436&MeetingID=1412; Detail_LegiFile.aspx?Frame=&MeetingID=1412&MediaPosition=&ID=2897&CssClass=; Detail_LegiFile.aspx?Frame=&MeetingID=1412&MediaPosition=&ID=2900&CssClass=; FileOpen.aspx?Type=4&ID=4442&MeetingID=1412; Detail_LegiFile.aspx?Frame=&MeetingID=1412&MediaPosition=&ID=2901&CssClass=; FileOpen.aspx?Type=4&ID=4443&MeetingID=1412; Detail_LegiFile.aspx?Frame=&MeetingID=1412&MediaPosition=&ID=2902&CssClass=; FileOpen.aspx?Type=4&ID=4444&MeetingID=1412; Detail_LegiFile.aspx?Frame=&MeetingID=1412&MediaPosition=&ID=2903&CssClass=; FileOpen.aspx?Type=4&ID=4445&MeetingID=1412; Detail_LegiFile.aspx?Frame=&MeetingID=1412&MediaPosition=&ID=2904&CssClass=; FileOpen.aspx?Type=4&ID=4446&MeetingID=1412; Detail_LegiFile.aspx?Frame=&MeetingID=1412&MediaPosition=&ID=2905&CssClass=; FileOpen.aspx?Type=4&ID=4447&MeetingID=1412; FileOpen.aspx?Type=4&ID=4448&MeetingID=1412; FileOpen.aspx?Type=4&ID=4449&MeetingID=1412; Detail_LegiFile.aspx?Frame=&MeetingID=1412&MediaPosition=&ID=2913&CssClass=; FileOpen.aspx?Type=4&ID=4468&MeetingID=1412; Detail_LegiFile.aspx?Frame=&MeetingID=1412&MediaPosition=&ID=2906&CssClass=; FileOpen.aspx?Type=4&ID=4451&MeetingID=1412; FileOpen.aspx?Type=4&ID=4450&MeetingID=1412; Detail_LegiFile.aspx?Frame=&MeetingID=1412&MediaPosition=&ID=2907&CssClass=; FileOpen.aspx?Type=4&ID=4452&MeetingID=1412; Detail_LegiFile.aspx?Frame=&MeetingID=1412&MediaPosition=&ID=2908&CssClass=; FileOpen.aspx?Type=4&ID=4453&MeetingID=1412; Detail_LegiFile.aspx?Frame=&MeetingID=1412&MediaPosition=&ID=2909&CssClass=; FileOpen.aspx?Type=4&ID=4454&MeetingID=1412; FileOpen.aspx?Type=4&ID=4455&MeetingID=1412; FileOpen.aspx?Type=4&ID=4456&MeetingID=1412; FileOpen.aspx?Type=4&ID=4457&MeetingID=1412; FileOpen.aspx?Type=4&ID=4458&MeetingID=1412; FileOpen.aspx?Type=4&ID=4459&MeetingID=1412; FileOpen.aspx?Type=4&ID=4460&MeetingID=1412; FileOpen.aspx?Type=4&ID=4461&MeetingID=1412; FileOpen.aspx?Type=4&ID=4462&MeetingID=1412; Detail_LegiFile.aspx?Frame=&MeetingID=1412&MediaPosition=&ID=2914&CssClass=; FileOpen.aspx?Type=4&ID=4469&MeetingID=1412; Detail_LegiFile.aspx?Frame=&MeetingID=1412&MediaPosition=&ID=2910&CssClass=; FileOpen.aspx?Type=4&ID=4463&MeetingID=1412; FileOpen.aspx?Type=4&ID=4466&MeetingID=1412; Detail_Motion.aspx?Frame=&MeetingID=1412&MinutesID=1247&MediaPosition=&ID=10649&Type=70&CssClass= style=; Detail_Motion.aspx?Frame=&MeetingID=1412&MinutesID=1247&MediaPosition=&ID=10650&Type=70&CssClass= style=; Detail_Motion.aspx?Frame=&MeetingID=1412&MinutesID=1247&MediaPosition=&ID=10651&Type=70&CssClass= style="
"1413","https://jeffersoncityga.iqm2.com/Citizens/Detail_Meeting.aspx?ID=1413","2020/03/23 06:00 PM City Council Voting Session - Web Outline - City of Jefferson, Georgia &laquo;Back to Main Site Welcome Meetings Browse Media Notices Boards+ Log in | Help | Register Print This Page Quick Link #1 Quick Link #2 --> City Council Voting Session 3/23/2020 6:00 PM Jefferson Station Community Room Jefferson Station&nbsp;&nbsp;&nbsp;Community Room&nbsp;&nbsp;&nbsp;Jefferson, GA 30549 Downloads: Agenda Agenda Packet Minutes Minutes Packet Audio 1. Call to Order 1. Pledge of Allegiance 2. Roll Call 2. Approval of Agenda 1. Motion to approve agenda. 3. Minutes Approval 1. Minutes of Feb 10, 2020 6:00 PM 2. Minutes of Feb 24, 2020 6:00 PM 4. Planning and Development 1. 2020-17 : V-20-J04 Variance Frater James, LLC, property owner and applicant, by Brandt Bentley, seeks a variance to the land use management code, Article 7, “Residential Zoning Districts,” Chapter 7.8, “PCD, Planned Community Development District,” Section 7.8.6, “Minimum Areas Required for Rezoning and Develop","FileOpen.aspx?Type=14&amp;ID=1293&amp;Inline=True; FileOpen.aspx?Type=1&amp;ID=1293&amp;Inline=True; FileOpen.aspx?Type=15&amp;ID=1250&amp;Inline=True; FileOpen.aspx?Type=12&amp;ID=1250&amp;Inline=True; Detail_Motion.aspx?Frame=&MeetingID=1413&MinutesID=1250&MediaPosition=&ID=10694&Type=60&CssClass= style=; Detail_Motion.aspx?Frame=&MeetingID=1413&MinutesID=1250&MediaPosition=&ID=10696&Type=30&AcceptMinutesID=1244&CssClass= style=; Detail_Motion.aspx?Frame=&MeetingID=1413&MinutesID=1250&MediaPosition=&ID=10697&Type=30&AcceptMinutesID=1245&CssClass= style=; Detail_LegiFile.aspx?Frame=&MeetingID=1413&MediaPosition=&ID=2854&CssClass=; FileOpen.aspx?Type=4&ID=4386&MeetingID=1413; FileOpen.aspx?Type=4&ID=4357&MeetingID=1413; Detail_LegiFile.aspx?Frame=&MeetingID=1413&MediaPosition=&ID=2855&CssClass=; FileOpen.aspx?Type=4&ID=4387&MeetingID=1413; FileOpen.aspx?Type=4&ID=4439&MeetingID=1413; FileOpen.aspx?Type=4&ID=4440&MeetingID=1413; FileOpen.aspx?Type=4&ID=4441&MeetingID=1413; FileOpen.aspx?Type=4&ID=4358&MeetingID=1413; FileOpen.aspx?Type=4&ID=4474&MeetingID=1413; Detail_LegiFile.aspx?Frame=&MeetingID=1413&MediaPosition=&ID=2857&CssClass=; FileOpen.aspx?Type=4&ID=4388&MeetingID=1413; FileOpen.aspx?Type=4&ID=4360&MeetingID=1413; Detail_LegiFile.aspx?Frame=&MeetingID=1413&MediaPosition=&ID=2900&CssClass=; FileOpen.aspx?Type=4&ID=4442&MeetingID=1413; Detail_LegiFile.aspx?Frame=&MeetingID=1413&MediaPosition=&ID=2901&CssClass=; FileOpen.aspx?Type=4&ID=4443&MeetingID=1413; Detail_LegiFile.aspx?Frame=&MeetingID=1413&MediaPosition=&ID=2902&CssClass=; FileOpen.aspx?Type=4&ID=4444&MeetingID=1413; Detail_LegiFile.aspx?Frame=&MeetingID=1413&MediaPosition=&ID=2903&CssClass=; FileOpen.aspx?Type=4&ID=4445&MeetingID=1413; Detail_LegiFile.aspx?Frame=&MeetingID=1413&MediaPosition=&ID=2904&CssClass=; FileOpen.aspx?Type=4&ID=4446&MeetingID=1413; Detail_LegiFile.aspx?Frame=&MeetingID=1413&MediaPosition=&ID=2905&CssClass=; FileOpen.aspx?Type=4&ID=4447&MeetingID=1413; FileOpen.aspx?Type=4&ID=4448&MeetingID=1413; FileOpen.aspx?Type=4&ID=4449&MeetingID=1413; Detail_LegiFile.aspx?Frame=&MeetingID=1413&MediaPosition=&ID=2913&CssClass=; FileOpen.aspx?Type=4&ID=4468&MeetingID=1413; Detail_LegiFile.aspx?Frame=&MeetingID=1413&MediaPosition=&ID=2915&CssClass=; FileOpen.aspx?Type=4&ID=4470&MeetingID=1413; FileOpen.aspx?Type=4&ID=4471&MeetingID=1413; FileOpen.aspx?Type=4&ID=4472&MeetingID=1413; Detail_LegiFile.aspx?Frame=&MeetingID=1413&MediaPosition=&ID=2906&CssClass=; FileOpen.aspx?Type=4&ID=4451&MeetingID=1413; FileOpen.aspx?Type=4&ID=4450&MeetingID=1413; Detail_LegiFile.aspx?Frame=&MeetingID=1413&MediaPosition=&ID=2907&CssClass=; FileOpen.aspx?Type=4&ID=4452&MeetingID=1413; Detail_LegiFile.aspx?Frame=&MeetingID=1413&MediaPosition=&ID=2908&CssClass=; FileOpen.aspx?Type=4&ID=4453&MeetingID=1413; FileOpen.aspx?Type=4&ID=4475&MeetingID=1413; Detail_LegiFile.aspx?Frame=&MeetingID=1413&MediaPosition=&ID=2909&CssClass=; FileOpen.aspx?Type=4&ID=4454&MeetingID=1413; FileOpen.aspx?Type=4&ID=4455&MeetingID=1413; FileOpen.aspx?Type=4&ID=4456&MeetingID=1413; FileOpen.aspx?Type=4&ID=4457&MeetingID=1413; FileOpen.aspx?Type=4&ID=4458&MeetingID=1413; FileOpen.aspx?Type=4&ID=4459&MeetingID=1413; FileOpen.aspx?Type=4&ID=4460&MeetingID=1413; FileOpen.aspx?Type=4&ID=4461&MeetingID=1413; FileOpen.aspx?Type=4&ID=4462&MeetingID=1413; Detail_LegiFile.aspx?Frame=&MeetingID=1413&MediaPosition=&ID=2914&CssClass=; FileOpen.aspx?Type=4&ID=4469&MeetingID=1413; Detail_LegiFile.aspx?Frame=&MeetingID=1413&MediaPosition=&ID=2916&CssClass=; FileOpen.aspx?Type=4&ID=4476&MeetingID=1413; FileOpen.aspx?Type=4&ID=4477&MeetingID=1413; Detail_LegiFile.aspx?Frame=&MeetingID=1413&MediaPosition=&ID=2917&CssClass=; FileOpen.aspx?Type=4&ID=4478&MeetingID=1413; Detail_Motion.aspx?Frame=&MeetingID=1413&MinutesID=1250&MediaPosition=&ID=10761&Type=70&CssClass= style="
"1430","https://jeffersoncityga.iqm2.com/Citizens/Detail_Meeting.aspx?ID=1430","2020/08/24 06:00 PM City Council Voting Session - Web Outline - City of Jefferson, Georgia &laquo;Back to Main Site Welcome Meetings Browse Media Notices Boards+ Log in | Help | Register Print This Page Quick Link #1 Quick Link #2 --> City Council Voting Session 8/24/2020 6:00 PM Jefferson Station Community Room Jefferson Station&nbsp;&nbsp;&nbsp;Community Room&nbsp;&nbsp;&nbsp;Jefferson, GA 30549 Downloads: Agenda Agenda Packet Minutes Minutes Packet Audio 1. Call to Order 1. Pledge of Allegiance 2. Roll Call 2. Approval of Agenda 1. Motion to approve agenda 3. Presentation for years of service - Mayor Steve Quinn 4. Minutes Approval 1. Minutes of Jul 13, 2020 6:00 PM 2. Minutes of Jul 27, 2020 6:00 PM 5. Planning and Development 1. 2020-53 : R-20-J09 Rezone Jeremy and Delina Kozup, applicants and property owners, seek to rezone from C-1 (Neighborhood Commercial) District, Conditional, to C-2 (Highway Commercial District) 1.316 acre (Map/Parcel J05/044) fronting 257.46 feet on the sou","FileOpen.aspx?Type=14&amp;ID=1306&amp;Inline=True; FileOpen.aspx?Type=1&amp;ID=1306&amp;Inline=True; FileOpen.aspx?Type=15&amp;ID=1259&amp;Inline=True; FileOpen.aspx?Type=12&amp;ID=1259&amp;Inline=True; Detail_Motion.aspx?Frame=&MeetingID=1430&MinutesID=1259&MediaPosition=&ID=11053&Type=60&CssClass= style=; Detail_Motion.aspx?Frame=&MeetingID=1430&MinutesID=1259&MediaPosition=&ID=11056&Type=30&AcceptMinutesID=1254&CssClass= style=; Detail_Motion.aspx?Frame=&MeetingID=1430&MinutesID=1259&MediaPosition=&ID=11057&Type=30&AcceptMinutesID=1255&CssClass= style=; Detail_LegiFile.aspx?Frame=&MeetingID=1430&MediaPosition=&ID=2962&CssClass=; FileOpen.aspx?Type=4&ID=4558&MeetingID=1430; FileOpen.aspx?Type=4&ID=4559&MeetingID=1430; Detail_LegiFile.aspx?Frame=&MeetingID=1430&MediaPosition=&ID=2963&CssClass=; FileOpen.aspx?Type=4&ID=4560&MeetingID=1430; Detail_LegiFile.aspx?Frame=&MeetingID=1430&MediaPosition=&ID=2964&CssClass=; FileOpen.aspx?Type=4&ID=4561&MeetingID=1430; Detail_LegiFile.aspx?Frame=&MeetingID=1430&MediaPosition=&ID=2965&CssClass=; FileOpen.aspx?Type=4&ID=4562&MeetingID=1430; Detail_LegiFile.aspx?Frame=&MeetingID=1430&MediaPosition=&ID=2973&CssClass=; FileOpen.aspx?Type=4&ID=4580&MeetingID=1430; FileOpen.aspx?Type=4&ID=4581&MeetingID=1430; Detail_LegiFile.aspx?Frame=&MeetingID=1430&MediaPosition=&ID=2974&CssClass=; FileOpen.aspx?Type=4&ID=4582&MeetingID=1430; FileOpen.aspx?Type=4&ID=4583&MeetingID=1430; Detail_LegiFile.aspx?Frame=&MeetingID=1430&MediaPosition=&ID=2975&CssClass=; FileOpen.aspx?Type=4&ID=4584&MeetingID=1430; FileOpen.aspx?Type=4&ID=4585&MeetingID=1430; Detail_LegiFile.aspx?Frame=&MeetingID=1430&MediaPosition=&ID=2968&CssClass=; FileOpen.aspx?Type=4&ID=4568&MeetingID=1430; FileOpen.aspx?Type=4&ID=4569&MeetingID=1430; FileOpen.aspx?Type=4&ID=4570&MeetingID=1430; FileOpen.aspx?Type=4&ID=4571&MeetingID=1430; Detail_LegiFile.aspx?Frame=&MeetingID=1430&MediaPosition=&ID=2969&CssClass=; FileOpen.aspx?Type=4&ID=4572&MeetingID=1430; FileOpen.aspx?Type=4&ID=4573&MeetingID=1430; FileOpen.aspx?Type=4&ID=4574&MeetingID=1430; Detail_LegiFile.aspx?Frame=&MeetingID=1430&MediaPosition=&ID=2971&CssClass=; FileOpen.aspx?Type=4&ID=4576&MeetingID=1430; FileOpen.aspx?Type=4&ID=4577&MeetingID=1430; FileOpen.aspx?Type=4&ID=4578&MeetingID=1430; Detail_Motion.aspx?Frame=&MeetingID=1430&MinutesID=1259&MediaPosition=&ID=11095&Type=70&CssClass= style="
"1443","https://jeffersoncityga.iqm2.com/Citizens/Detail_Meeting.aspx?ID=1443","2020/12/07 06:00 PM Jefferson & Talmo Planning Commission Regular - Web Outline - City of Jefferson, Georgia &laquo;Back to Main Site Welcome Meetings Browse Media Notices Boards+ Log in | Help | Register Print This Page Quick Link #1 Quick Link #2 --> Jefferson & Talmo Planning Commission Regular 12/7/2020 6:00 PM Jefferson Station Community Room Jefferson Station&nbsp;&nbsp;&nbsp;Community Room&nbsp;&nbsp;&nbsp;Jefferson, GA 30549 Downloads: Agenda Agenda Packet I. Call to Order -- Chip McEver II. Roll Call III. Old Business -- None IV. Approval of Minutes - November 2020 meeting 1. Jefferson Talmo Commission Minutes a. November 2020 Planning Commission minutes V. Review of Public Hearing Procedures - Jerry Weitz VI. New Business 1. CU-20-J05 Conditional Use: Earle M. Jorgensen Company, by Jay Czarnecki, Applicant, Shumate Jefferson Mill, LLC, by Mikhail Britt, Property Owner, Seeks a Conditional Use Permit for Metal Manufacturing in an LI (Light Industrial) District for Property (14","Detail_LegiFile.aspx?Frame=&MeetingID=1443&MediaPosition=&ID=3026&CssClass=; FileOpen.aspx?Type=4&ID=4681&MeetingID=1443; Detail_LegiFile.aspx?Frame=&MeetingID=1443&MediaPosition=&ID=3021&CssClass=; FileOpen.aspx?Type=4&ID=4669&MeetingID=1443; Detail_LegiFile.aspx?Frame=&MeetingID=1443&MediaPosition=&ID=3023&CssClass=; FileOpen.aspx?Type=4&ID=4674&MeetingID=1443; FileOpen.aspx?Type=4&ID=4675&MeetingID=1443"
"1444","https://jeffersoncityga.iqm2.com/Citizens/Detail_Meeting.aspx?ID=1444","2020/12/14 06:00 PM City Council Work Session - Web Outline - City of Jefferson, Georgia &laquo;Back to Main Site Welcome Meetings Browse Media Notices Boards+ Log in | Help | Register Print This Page Quick Link #1 Quick Link #2 --> City Council Work Session 12/14/2020 6:00 PM Jefferson Station Community Room Jefferson Station&nbsp;&nbsp;&nbsp;Community Room&nbsp;&nbsp;&nbsp;Jefferson, GA 30549 Downloads: Agenda Agenda Packet Minutes Minutes Packet Audio 1. Call to Order 1. Pledge of Allegiance 2. Roll Call 2. Approval of Agenda 3. Planning and Development 1. Letter from Planning Commission a. December2020 Planning Commission Letter to City 2. 2020-78 : CU-20-J05 Conditional Use: Earle M. Jorgensen Company, by Jay Czarnecki, applicant, Shumate Jefferson Mill, LLC, by Mikhail Britt, property owner, seeks a conditional use permit for metal manufacturing in an LI (Light Industrial) district for property (14.37 acres, Map/Parcel 092/003B3A) fronting on the south side of Interstate 85, the ","Detail_Motion.aspx?Frame=&MeetingID=1444&MinutesID=1266&MediaPosition=&ID=11283&Type=80&CssClass= style=; Detail_Motion.aspx?Frame=&MeetingID=1444&MinutesID=1266&MediaPosition=&ID=11284&Type=70&CssClass= style=; Detail_LegiFile.aspx?Frame=&MeetingID=1444&MediaPosition=&ID=3033&CssClass=; FileOpen.aspx?Type=4&ID=4694&MeetingID=1444; Detail_LegiFile.aspx?Frame=&MeetingID=1444&MediaPosition=&ID=3027&CssClass=; FileOpen.aspx?Type=4&ID=4684&MeetingID=1444; FileOpen.aspx?Type=4&ID=4695&MeetingID=1444; Detail_LegiFile.aspx?Frame=&MeetingID=1444&MediaPosition=&ID=3028&CssClass=; FileOpen.aspx?Type=4&ID=4683&MeetingID=1444; Detail_LegiFile.aspx?Frame=&MeetingID=1444&MediaPosition=&ID=3029&CssClass=; FileOpen.aspx?Type=4&ID=4685&MeetingID=1444; FileOpen.aspx?Type=4&ID=4686&MeetingID=1444; FileOpen.aspx?Type=4&ID=4687&MeetingID=1444; Detail_LegiFile.aspx?Frame=&MeetingID=1444&MediaPosition=&ID=3030&CssClass=; FileOpen.aspx?Type=4&ID=4688&MeetingID=1444; FileOpen.aspx?Type=4&ID=4689&MeetingID=1444; Detail_LegiFile.aspx?Frame=&MeetingID=1444&MediaPosition=&ID=3031&CssClass=; FileOpen.aspx?Type=4&ID=4690&MeetingID=1444; FileOpen.aspx?Type=4&ID=4691&MeetingID=1444; Detail_LegiFile.aspx?Frame=&MeetingID=1444&MediaPosition=&ID=3057&CssClass=; FileOpen.aspx?Type=4&ID=4733&MeetingID=1444; FileOpen.aspx?Type=4&ID=4734&MeetingID=1444; FileOpen.aspx?Type=4&ID=4735&MeetingID=1444; Detail_Motion.aspx?Frame=&MeetingID=1444&MinutesID=1266&MediaPosition=&ID=11305&Type=70&CssClass= style="
"1446","https://jeffersoncityga.iqm2.com/Citizens/Detail_Meeting.aspx?ID=1446","2021/01/04 06:00 PM Jefferson & Talmo Planning Commission Regular - Web Outline - City of Jefferson, Georgia &laquo;Back to Main Site Welcome Meetings Browse Media Notices Boards+ Log in | Help | Register Print This Page Quick Link #1 Quick Link #2 --> Jefferson & Talmo Planning Commission Regular 1/4/2021 6:00 PM Jefferson Station Community Room Jefferson Station&nbsp;&nbsp;&nbsp;Community Room&nbsp;&nbsp;&nbsp;Jefferson, GA 30549 Downloads: Agenda Agenda Packet I. Call to Order -- Chip McEver II. Roll Call III. Old Business -- None IV. Approval of Minutes - December 7, 2020 meeting 1. Planning Commission Minutes a. December 2020 Planning Commission minutes V. Review of Public Hearing Procedures - Jerry Weitz VI. New Business 1. V-21-J01Alliance Residential, by Noah Randall, White Repair and Contracting Company, Property Owner, Seeks a Variance to Article 7, Residential Zoning Districts, Chapter 7.8, “MFR, Multiple-Family Residential District,” Section 7.8.4, “Dimensional Requirements","FileOpen.aspx?Type=14&amp;ID=1336&amp;Inline=True; FileOpen.aspx?Type=1&amp;ID=1336&amp;Inline=True; Detail_LegiFile.aspx?Frame=&MeetingID=1446&MediaPosition=&ID=3035&CssClass=; FileOpen.aspx?Type=4&ID=4700&MeetingID=1446; Detail_LegiFile.aspx?Frame=&MeetingID=1446&MediaPosition=&ID=3034&CssClass=; FileOpen.aspx?Type=4&ID=4699&MeetingID=1446"
"1447","https://jeffersoncityga.iqm2.com/Citizens/Detail_Meeting.aspx?ID=1447","2021/01/11 06:00 PM City Council Work Session - Web Outline - City of Jefferson, Georgia &laquo;Back to Main Site Welcome Meetings Browse Media Notices Boards+ Log in | Help | Register Print This Page Quick Link #1 Quick Link #2 --> City Council Work Session 1/11/2021 6:00 PM Jefferson Station Community Room Jefferson Station&nbsp;&nbsp;&nbsp;Community Room&nbsp;&nbsp;&nbsp;Jefferson, GA 30549 Downloads: Agenda Agenda Packet Minutes Minutes Packet Audio 1. Call to Order 1. Pledge of Allegiance 2. Roll Call 2. Approval of Agenda 1. Motion to approve agenda. 3. Planning and Development 1. Planning Commission Letter a. January 2021 Planning Commission Letter to City 2. 2021-2 : V-21-J01 Alliance Residential, by Noah Randall, White Repair and Contracting Company, property owner, seeks a variance to Article 7, Residential Zoning Districts, Chapter 7.8, “MFR, Multiple-Family Residential District,” Section 7.8.4, “Dimensional Requirements” (Table 7.2) to increase the maximum number of stories","Detail_Motion.aspx?Frame=&MeetingID=1447&MinutesID=1267&MediaPosition=&ID=11310&Type=80&CssClass= style=; Detail_Motion.aspx?Frame=&MeetingID=1447&MinutesID=1267&MediaPosition=&ID=11340&Type=60&CssClass= style=; Detail_LegiFile.aspx?Frame=&MeetingID=1447&MediaPosition=&ID=3038&CssClass=; FileOpen.aspx?Type=4&ID=4711&MeetingID=1447; Detail_LegiFile.aspx?Frame=&MeetingID=1447&MediaPosition=&ID=3036&CssClass=; FileOpen.aspx?Type=4&ID=4703&MeetingID=1447; FileOpen.aspx?Type=4&ID=4704&MeetingID=1447; Detail_LegiFile.aspx?Frame=&MeetingID=1447&MediaPosition=&ID=3037&CssClass=; FileOpen.aspx?Type=4&ID=4705&MeetingID=1447; FileOpen.aspx?Type=4&ID=4706&MeetingID=1447; FileOpen.aspx?Type=4&ID=4707&MeetingID=1447; FileOpen.aspx?Type=4&ID=4708&MeetingID=1447; FileOpen.aspx?Type=4&ID=4709&MeetingID=1447; FileOpen.aspx?Type=4&ID=4710&MeetingID=1447; Detail_LegiFile.aspx?Frame=&MeetingID=1447&MediaPosition=&ID=3039&CssClass=; FileOpen.aspx?Type=4&ID=4712&MeetingID=1447; Detail_LegiFile.aspx?Frame=&MeetingID=1447&MediaPosition=&ID=3040&CssClass=; FileOpen.aspx?Type=4&ID=4713&MeetingID=1447; Detail_LegiFile.aspx?Frame=&MeetingID=1447&MediaPosition=&ID=3041&CssClass=; Detail_LegiFile.aspx?Frame=&MeetingID=1447&MediaPosition=&ID=3042&CssClass=; Detail_LegiFile.aspx?Frame=&MeetingID=1447&MediaPosition=&ID=3043&CssClass=; FileOpen.aspx?Type=4&ID=4714&MeetingID=1447; Detail_LegiFile.aspx?Frame=&MeetingID=1447&MediaPosition=&ID=3044&CssClass=; FileOpen.aspx?Type=4&ID=4715&MeetingID=1447"
"1449","https://jeffersoncityga.iqm2.com/Citizens/Detail_Meeting.aspx?ID=1449","2021/01/25 06:00 PM City Council Voting Session - Web Outline - City of Jefferson, Georgia &laquo;Back to Main Site Welcome Meetings Browse Media Notices Boards+ Log in | Help | Register Print This Page Quick Link #1 Quick Link #2 --> City Council Voting Session 1/25/2021 6:00 PM Jefferson Station Community Room Jefferson Station&nbsp;&nbsp;&nbsp;Community Room&nbsp;&nbsp;&nbsp;Jefferson, GA 30549 Downloads: Agenda Agenda Packet Minutes Minutes Packet Audio 1. Call to Order 1. Pledge of Allegiance 2. Roll Call 2. Approval of Agenda 1. Motion to approve agenda 3. Minutes Approval 1. Minutes of Nov 9, 2020 6:00 PM 2. Minutes of Nov 16, 2020 6:00 PM 3. Minutes of Dec 14, 2020 6:00 PM 4. Planning and Development 1. 2021-2 : V-21-J01 Alliance Residential, by Noah Randall, White Repair and Contracting Company, property owner, seeks a variance to Article 7, Residential Zoning Districts, Chapter 7.8, “MFR, Multiple-Family Residential District,” Section 7.8.4, “Dimensional Requirements” (Table ","FileOpen.aspx?Type=14&amp;ID=1340&amp;Inline=True; FileOpen.aspx?Type=1&amp;ID=1340&amp;Inline=True; FileOpen.aspx?Type=15&amp;ID=1268&amp;Inline=True; FileOpen.aspx?Type=12&amp;ID=1268&amp;Inline=True; Detail_Motion.aspx?Frame=&MeetingID=1449&MinutesID=1268&MediaPosition=&ID=11348&Type=80&CssClass= style=; Detail_Motion.aspx?Frame=&MeetingID=1449&MinutesID=1268&MediaPosition=&ID=11349&Type=100&CssClass= style=; Detail_Motion.aspx?Frame=&MeetingID=1449&MinutesID=1268&MediaPosition=&ID=11350&Type=60&CssClass= style=; Detail_Motion.aspx?Frame=&MeetingID=1449&MinutesID=1268&MediaPosition=&ID=11352&Type=30&AcceptMinutesID=1264&CssClass= style=; Detail_Motion.aspx?Frame=&MeetingID=1449&MinutesID=1268&MediaPosition=&ID=11353&Type=30&AcceptMinutesID=1265&CssClass= style=; Detail_Motion.aspx?Frame=&MeetingID=1449&MinutesID=1268&MediaPosition=&ID=11354&Type=30&AcceptMinutesID=1266&CssClass= style=; Detail_LegiFile.aspx?Frame=&MeetingID=1449&MediaPosition=&ID=3036&CssClass=; FileOpen.aspx?Type=4&ID=4703&MeetingID=1449; FileOpen.aspx?Type=4&ID=4704&MeetingID=1449; FileOpen.aspx?Type=4&ID=4726&MeetingID=1449; Detail_LegiFile.aspx?Frame=&MeetingID=1449&MediaPosition=&ID=3051&CssClass=; FileOpen.aspx?Type=4&ID=4727&MeetingID=1449; Detail_LegiFile.aspx?Frame=&MeetingID=1449&MediaPosition=&ID=3052&CssClass=; FileOpen.aspx?Type=4&ID=4728&MeetingID=1449; Detail_LegiFile.aspx?Frame=&MeetingID=1449&MediaPosition=&ID=3053&CssClass=; FileOpen.aspx?Type=4&ID=4729&MeetingID=1449; Detail_LegiFile.aspx?Frame=&MeetingID=1449&MediaPosition=&ID=3054&CssClass=; FileOpen.aspx?Type=4&ID=4730&MeetingID=1449; Detail_LegiFile.aspx?Frame=&MeetingID=1449&MediaPosition=&ID=3055&CssClass=; FileOpen.aspx?Type=4&ID=4731&MeetingID=1449; Detail_LegiFile.aspx?Frame=&MeetingID=1449&MediaPosition=&ID=3056&CssClass=; FileOpen.aspx?Type=4&ID=4732&MeetingID=1449; Detail_LegiFile.aspx?Frame=&MeetingID=1449&MediaPosition=&ID=3041&CssClass=; Detail_LegiFile.aspx?Frame=&MeetingID=1449&MediaPosition=&ID=3042&CssClass=; Detail_LegiFile.aspx?Frame=&MeetingID=1449&MediaPosition=&ID=3043&CssClass=; FileOpen.aspx?Type=4&ID=4714&MeetingID=1449; Detail_LegiFile.aspx?Frame=&MeetingID=1449&MediaPosition=&ID=3050&CssClass=; FileOpen.aspx?Type=4&ID=4723&MeetingID=1449; FileOpen.aspx?Type=4&ID=4724&MeetingID=1449; FileOpen.aspx?Type=4&ID=4725&MeetingID=1449; Detail_Motion.aspx?Frame=&MeetingID=1449&MinutesID=1268&MediaPosition=&ID=11382&Type=70&CssClass= style=; Detail_Motion.aspx?Frame=&MeetingID=1449&MinutesID=1268&MediaPosition=&ID=11385&Type=60&CssClass= style="
"1455","https://jeffersoncityga.iqm2.com/Citizens/Detail_Meeting.aspx?ID=1455","2021/03/08 06:00 PM City Council Work Session - Web Outline - City of Jefferson, Georgia &laquo;Back to Main Site Welcome Meetings Browse Media Notices Boards+ Log in | Help | Register Print This Page Quick Link #1 Quick Link #2 --> City Council Work Session 3/8/2021 6:00 PM Jefferson Station Community Room Jefferson Station&nbsp;&nbsp;&nbsp;Community Room&nbsp;&nbsp;&nbsp;Jefferson, GA 30549 Downloads: Agenda Agenda Packet Minutes Minutes Packet Audio 1. Call to Order 1. Pledge of Allegiance 2. Roll Call 2. Approval of Agenda 1. Consent Agenda 3. Presentation of award from the American Legion 4. Presentation of Health/Dental Benefits Renewal 1. 2021-25 : 05-01-2021 to 04-30-2022 Health/Dental Insurance Renewal a. Jefferson Renewal 2021 (00000003) 5. Planning and Development (Old Business) 1. Ordinance LUMC 21-01 An Ordinance Amending The Land Use Management Code, To Amend Article 2, “Definitions,” Chapter 2.2, “Definitions,” Section 2.2.5, “Terms Related To Commercial Uses,” To Add A ","FileOpen.aspx?Type=14&amp;ID=1345&amp;Inline=True; FileOpen.aspx?Type=1&amp;ID=1345&amp;Inline=True; FileOpen.aspx?Type=15&amp;ID=1274&amp;Inline=True; FileOpen.aspx?Type=12&amp;ID=1274&amp;Inline=True; Detail_Motion.aspx?Frame=&MeetingID=1455&MinutesID=1274&MediaPosition=&ID=11558&Type=100&CssClass= style=; Detail_Motion.aspx?Frame=&MeetingID=1455&MinutesID=1274&MediaPosition=&ID=11559&Type=70&CssClass= style=; Detail_LegiFile.aspx?Frame=&MeetingID=1455&MediaPosition=&ID=3071&CssClass=; FileOpen.aspx?Type=4&ID=4763&MeetingID=1455; Detail_LegiFile.aspx?Frame=&MeetingID=1455&MediaPosition=&ID=3059&CssClass=; FileOpen.aspx?Type=4&ID=4737&MeetingID=1455; FileOpen.aspx?Type=4&ID=4738&MeetingID=1455; FileOpen.aspx?Type=4&ID=4739&MeetingID=1455; Detail_LegiFile.aspx?Frame=&MeetingID=1455&MediaPosition=&ID=3060&CssClass=; FileOpen.aspx?Type=4&ID=4740&MeetingID=1455; FileOpen.aspx?Type=4&ID=4741&MeetingID=1455; FileOpen.aspx?Type=4&ID=4742&MeetingID=1455; FileOpen.aspx?Type=4&ID=4757&MeetingID=1455; Detail_LegiFile.aspx?Frame=&MeetingID=1455&MediaPosition=&ID=3070&CssClass=; FileOpen.aspx?Type=4&ID=4762&MeetingID=1455; FileOpen.aspx?Type=4&ID=4776&MeetingID=1455; Detail_LegiFile.aspx?Frame=&MeetingID=1455&MediaPosition=&ID=3079&CssClass=; FileOpen.aspx?Type=4&ID=4773&MeetingID=1455; Detail_LegiFile.aspx?Frame=&MeetingID=1455&MediaPosition=&ID=3072&CssClass=; FileOpen.aspx?Type=4&ID=4777&MeetingID=1455; Detail_LegiFile.aspx?Frame=&MeetingID=1455&MediaPosition=&ID=3073&CssClass=; FileOpen.aspx?Type=4&ID=4764&MeetingID=1455; Detail_LegiFile.aspx?Frame=&MeetingID=1455&MediaPosition=&ID=3074&CssClass=; FileOpen.aspx?Type=4&ID=4765&MeetingID=1455; Detail_LegiFile.aspx?Frame=&MeetingID=1455&MediaPosition=&ID=3075&CssClass=; FileOpen.aspx?Type=4&ID=4766&MeetingID=1455; FileOpen.aspx?Type=4&ID=4767&MeetingID=1455; Detail_LegiFile.aspx?Frame=&MeetingID=1455&MediaPosition=&ID=3076&CssClass=; FileOpen.aspx?Type=4&ID=4768&MeetingID=1455; FileOpen.aspx?Type=4&ID=4778&MeetingID=1455; Detail_LegiFile.aspx?Frame=&MeetingID=1455&MediaPosition=&ID=3077&CssClass=; FileOpen.aspx?Type=4&ID=4769&MeetingID=1455; FileOpen.aspx?Type=4&ID=4770&MeetingID=1455; Detail_LegiFile.aspx?Frame=&MeetingID=1455&MediaPosition=&ID=3078&CssClass=; FileOpen.aspx?Type=4&ID=4771&MeetingID=1455; FileOpen.aspx?Type=4&ID=4772&MeetingID=1455; Detail_LegiFile.aspx?Frame=&MeetingID=1455&MediaPosition=&ID=3080&CssClass=; Detail_LegiFile.aspx?Frame=&MeetingID=1455&MediaPosition=&ID=3081&CssClass=; FileOpen.aspx?Type=4&ID=4774&MeetingID=1455; FileOpen.aspx?Type=4&ID=4775&MeetingID=1455"
"1457","https://jeffersoncityga.iqm2.com/Citizens/Detail_Meeting.aspx?ID=1457","2021/03/22 06:00 PM City Council Voting Session - Web Outline - City of Jefferson, Georgia &laquo;Back to Main Site Welcome Meetings Browse Media Notices Boards+ Log in | Help | Register Print This Page Quick Link #1 Quick Link #2 --> City Council Voting Session 3/22/2021 6:00 PM Jefferson Station Community Room Jefferson Station&nbsp;&nbsp;&nbsp;Community Room&nbsp;&nbsp;&nbsp;Jefferson, GA 30549 Downloads: Agenda Agenda Packet Minutes Minutes Packet Audio 1. Call to Order 1. Pledge of Allegiance 2. Roll Call 2. Approval of Agenda 3. Minutes Approval 1. Minutes of Feb 8, 2021 6:00 PM 2. Minutes of Feb 22, 2021 6:00 PM 4. Planning and Development 1. Ordinance LUMC 21-01 An Ordinance Amending The Land Use Management Code, To Amend Article 2, “Definitions,” Chapter 2.2, “Definitions,” Section 2.2.5, “Terms Related To Commercial Uses,” To Add A Definition Of “Food Truck”; To Amend Article 7, “Residential Zoning Districts” Table 7.1, “Permitted And Conditional Uses For Residential Zoning D","FileOpen.aspx?Type=14&amp;ID=1346&amp;Inline=True; FileOpen.aspx?Type=1&amp;ID=1346&amp;Inline=True; FileOpen.aspx?Type=15&amp;ID=1275&amp;Inline=True; FileOpen.aspx?Type=12&amp;ID=1275&amp;Inline=True; Detail_Motion.aspx?Frame=&MeetingID=1457&MinutesID=1275&MediaPosition=&ID=11611&Type=30&AcceptMinutesID=1272&CssClass= style=; Detail_Motion.aspx?Frame=&MeetingID=1457&MinutesID=1275&MediaPosition=&ID=11612&Type=30&AcceptMinutesID=1273&CssClass= style=; Detail_LegiFile.aspx?Frame=&MeetingID=1457&MediaPosition=&ID=3059&CssClass=; FileOpen.aspx?Type=4&ID=4737&MeetingID=1457; FileOpen.aspx?Type=4&ID=4738&MeetingID=1457; FileOpen.aspx?Type=4&ID=4739&MeetingID=1457; Detail_LegiFile.aspx?Frame=&MeetingID=1457&MediaPosition=&ID=3060&CssClass=; FileOpen.aspx?Type=4&ID=4740&MeetingID=1457; FileOpen.aspx?Type=4&ID=4741&MeetingID=1457; FileOpen.aspx?Type=4&ID=4742&MeetingID=1457; FileOpen.aspx?Type=4&ID=4757&MeetingID=1457; Detail_LegiFile.aspx?Frame=&MeetingID=1457&MediaPosition=&ID=3070&CssClass=; FileOpen.aspx?Type=4&ID=4762&MeetingID=1457; FileOpen.aspx?Type=4&ID=4776&MeetingID=1457; Detail_Motion.aspx?Frame=&MeetingID=1457&MinutesID=1275&MediaPosition=&ID=11657&Type=100&CssClass= style=; Detail_LegiFile.aspx?Frame=&MeetingID=1457&MediaPosition=&ID=3072&CssClass=; FileOpen.aspx?Type=4&ID=4777&MeetingID=1457; Detail_LegiFile.aspx?Frame=&MeetingID=1457&MediaPosition=&ID=3073&CssClass=; FileOpen.aspx?Type=4&ID=4764&MeetingID=1457; Detail_LegiFile.aspx?Frame=&MeetingID=1457&MediaPosition=&ID=3074&CssClass=; FileOpen.aspx?Type=4&ID=4765&MeetingID=1457; Detail_LegiFile.aspx?Frame=&MeetingID=1457&MediaPosition=&ID=3075&CssClass=; FileOpen.aspx?Type=4&ID=4767&MeetingID=1457; FileOpen.aspx?Type=4&ID=4766&MeetingID=1457; Detail_LegiFile.aspx?Frame=&MeetingID=1457&MediaPosition=&ID=3076&CssClass=; FileOpen.aspx?Type=4&ID=4768&MeetingID=1457; FileOpen.aspx?Type=4&ID=4778&MeetingID=1457; Detail_LegiFile.aspx?Frame=&MeetingID=1457&MediaPosition=&ID=3077&CssClass=; FileOpen.aspx?Type=4&ID=4769&MeetingID=1457; FileOpen.aspx?Type=4&ID=4770&MeetingID=1457; Detail_LegiFile.aspx?Frame=&MeetingID=1457&MediaPosition=&ID=3078&CssClass=; FileOpen.aspx?Type=4&ID=4771&MeetingID=1457; FileOpen.aspx?Type=4&ID=4772&MeetingID=1457; Detail_LegiFile.aspx?Frame=&MeetingID=1457&MediaPosition=&ID=3080&CssClass=; Detail_LegiFile.aspx?Frame=&MeetingID=1457&MediaPosition=&ID=3071&CssClass=; FileOpen.aspx?Type=4&ID=4763&MeetingID=1457; Detail_LegiFile.aspx?Frame=&MeetingID=1457&MediaPosition=&ID=3082&CssClass=; FileOpen.aspx?Type=4&ID=4779&MeetingID=1457; FileOpen.aspx?Type=4&ID=4780&MeetingID=1457; FileOpen.aspx?Type=4&ID=4781&MeetingID=1457; Detail_Motion.aspx?Frame=&MeetingID=1457&MinutesID=1275&MediaPosition=&ID=11653&Type=70&CssClass= style=; Detail_Motion.aspx?Frame=&MeetingID=1457&MinutesID=1275&MediaPosition=&ID=11654&Type=70&CssClass= style=; Detail_Motion.aspx?Frame=&MeetingID=1457&MinutesID=1275&MediaPosition=&ID=11655&Type=70&CssClass= style=; Detail_Motion.aspx?Frame=&MeetingID=1457&MinutesID=1275&MediaPosition=&ID=11656&Type=70&CssClass= style="
"1469","https://jeffersoncityga.iqm2.com/Citizens/Detail_Meeting.aspx?ID=1469","2021/08/02 06:00 PM Jefferson & Talmo Planning Commission Regular - Web Outline - City of Jefferson, Georgia &laquo;Back to Main Site Welcome Meetings Browse Media Notices Boards+ Log in | Help | Register Print This Page Quick Link #1 Quick Link #2 --> Jefferson & Talmo Planning Commission Regular 8/2/2021 6:00 PM Jefferson Station Community Room Jefferson Station&nbsp;&nbsp;&nbsp;Community Room&nbsp;&nbsp;&nbsp;Jefferson, GA 30549 Downloads: Agenda Agenda Packet I. Call to Order -- Chip McEver II. Roll Call III. Old Business -- None IV. Approval of Minutes -June 7, 2021 meeting 1. June 7, 2021 Minutes a. June 2021 Planning Commission minutes V. Review of Public Hearing Procedures - Jerry Weitz VI. New Business 1. R-21-J02 Rezone: Integrity Development Group, Applicant, by Johnny Hastings, White Repair and Contracting Company, Property Owner, Seeks to Rezone 157.08 Acres Fronting on the North and South Sides of Concord Road, the North Side of Interstate 85, and the West Side of Valenti","FileOpen.aspx?Type=14&amp;ID=1358&amp;Inline=True; FileOpen.aspx?Type=1&amp;ID=1358&amp;Inline=True; Detail_LegiFile.aspx?Frame=&MeetingID=1469&MediaPosition=&ID=3134&CssClass=; FileOpen.aspx?Type=4&ID=4892&MeetingID=1469; Detail_LegiFile.aspx?Frame=&MeetingID=1469&MediaPosition=&ID=3135&CssClass=; FileOpen.aspx?Type=4&ID=4893&MeetingID=1469; FileOpen.aspx?Type=4&ID=4894&MeetingID=1469; Detail_LegiFile.aspx?Frame=&MeetingID=1469&MediaPosition=&ID=3136&CssClass=; FileOpen.aspx?Type=4&ID=4895&MeetingID=1469; Detail_LegiFile.aspx?Frame=&MeetingID=1469&MediaPosition=&ID=3137&CssClass=; FileOpen.aspx?Type=4&ID=4896&MeetingID=1469; Detail_LegiFile.aspx?Frame=&MeetingID=1469&MediaPosition=&ID=3138&CssClass=; FileOpen.aspx?Type=4&ID=4897&MeetingID=1469; FileOpen.aspx?Type=4&ID=4898&MeetingID=1469; FileOpen.aspx?Type=4&ID=4899&MeetingID=1469"
"1470","https://jeffersoncityga.iqm2.com/Citizens/Detail_Meeting.aspx?ID=1470","2021/08/09 06:00 PM City Council Work Session - Web Outline - City of Jefferson, Georgia &laquo;Back to Main Site Welcome Meetings Browse Media Notices Boards+ Log in | Help | Register Print This Page Quick Link #1 Quick Link #2 --> City Council Work Session 8/9/2021 6:00 PM Jefferson Station Community Room Jefferson Station&nbsp;&nbsp;&nbsp;Community Room&nbsp;&nbsp;&nbsp;Jefferson, GA 30549 Downloads: Agenda Agenda Packet Minutes Minutes Packet Audio 1. Call to Order 1. Pledge of Allegiance 2. Roll Call 2. Approval of Agenda 1. Motion to approve agenda 3. Planning and Development 1. Planning Commission Letter a. August 2021 Planning Commission Letter to City 2. 2021-47 : R-21-J02 Rezone: Integrity Development Group, applicant, by Johnny Hastings, White Repair and Contracting Company, property owner, seeks to rezone approximately 157.08 acres fronting on the north and south sides of Concord Road, the north side of Interstate 85, and the west side of Valentine Industrial Parkway (part ","FileOpen.aspx?Type=14&amp;ID=1359&amp;Inline=True; FileOpen.aspx?Type=1&amp;ID=1359&amp;Inline=True; FileOpen.aspx?Type=15&amp;ID=1287&amp;Inline=True; FileOpen.aspx?Type=12&amp;ID=1287&amp;Inline=True; Detail_Motion.aspx?Frame=&MeetingID=1470&MinutesID=1287&MediaPosition=&ID=11956&Type=60&CssClass= style=; Detail_LegiFile.aspx?Frame=&MeetingID=1470&MediaPosition=&ID=3139&CssClass=; FileOpen.aspx?Type=4&ID=4901&MeetingID=1470; Detail_LegiFile.aspx?Frame=&MeetingID=1470&MediaPosition=&ID=3140&CssClass=; FileOpen.aspx?Type=4&ID=4902&MeetingID=1470; FileOpen.aspx?Type=4&ID=4903&MeetingID=1470; FileOpen.aspx?Type=4&ID=4905&MeetingID=1470; FileOpen.aspx?Type=4&ID=4906&MeetingID=1470; FileOpen.aspx?Type=4&ID=4904&MeetingID=1470; Detail_LegiFile.aspx?Frame=&MeetingID=1470&MediaPosition=&ID=3141&CssClass=; FileOpen.aspx?Type=4&ID=4907&MeetingID=1470; FileOpen.aspx?Type=4&ID=4908&MeetingID=1470; FileOpen.aspx?Type=4&ID=4922&MeetingID=1470; Detail_LegiFile.aspx?Frame=&MeetingID=1470&MediaPosition=&ID=3142&CssClass=; FileOpen.aspx?Type=4&ID=4909&MeetingID=1470; FileOpen.aspx?Type=4&ID=4910&MeetingID=1470; Detail_LegiFile.aspx?Frame=&MeetingID=1470&MediaPosition=&ID=3143&CssClass=; FileOpen.aspx?Type=4&ID=4911&MeetingID=1470; FileOpen.aspx?Type=4&ID=4912&MeetingID=1470; FileOpen.aspx?Type=4&ID=4913&MeetingID=1470; FileOpen.aspx?Type=4&ID=4914&MeetingID=1470; Detail_LegiFile.aspx?Frame=&MeetingID=1470&MediaPosition=&ID=3148&CssClass=; FileOpen.aspx?Type=4&ID=4923&MeetingID=1470; Detail_LegiFile.aspx?Frame=&MeetingID=1470&MediaPosition=&ID=3144&CssClass=; FileOpen.aspx?Type=4&ID=4915&MeetingID=1470; FileOpen.aspx?Type=4&ID=4921&MeetingID=1470; Detail_LegiFile.aspx?Frame=&MeetingID=1470&MediaPosition=&ID=3146&CssClass=; FileOpen.aspx?Type=4&ID=4919&MeetingID=1470; Detail_LegiFile.aspx?Frame=&MeetingID=1470&MediaPosition=&ID=3147&CssClass=; FileOpen.aspx?Type=4&ID=4920&MeetingID=1470; Detail_LegiFile.aspx?Frame=&MeetingID=1470&MediaPosition=&ID=3145&CssClass=; FileOpen.aspx?Type=4&ID=4916&MeetingID=1470; FileOpen.aspx?Type=4&ID=4917&MeetingID=1470; FileOpen.aspx?Type=4&ID=4918&MeetingID=1470; Detail_Motion.aspx?Frame=&MeetingID=1470&MinutesID=1287&MediaPosition=&ID=11992&Type=70&CssClass= style=; Detail_Motion.aspx?Frame=&MeetingID=1470&MinutesID=1287&MediaPosition=&ID=11993&Type=70&CssClass= style="
"1472","https://jeffersoncityga.iqm2.com/Citizens/Detail_Meeting.aspx?ID=1472","2021/09/13 06:00 PM City Council Work Session - Web Outline - City of Jefferson, Georgia &laquo;Back to Main Site Welcome Meetings Browse Media Notices Boards+ Log in | Help | Register Print This Page Quick Link #1 Quick Link #2 --> City Council Work Session 9/13/2021 6:00 PM Jefferson Station Community Room Jefferson Station&nbsp;&nbsp;&nbsp;Community Room&nbsp;&nbsp;&nbsp;Jefferson, GA 30549 Downloads: Agenda Agenda Packet Minutes Minutes Packet Audio 1. Call to Order 1. Pledge of Allegiance 2. Roll Call 2. Presentation - 9-11 Remembrance 3. Approval of Agenda 1. Motion made to approve agenda with the removal of item 3 under the Planning & Development section 4. Planning and Development 1. Letter from Planning Commission a. September 2021 Planning Commission Letter to City 2. 2021-59 : CU-21-J01 Conditional Use Elite Basting Services/Quick Supply NC, applicant, Georgia Stone Products, LLC, property owner, seeks a conditional use permit for explosives storage in an HI (Heavy Industria","FileOpen.aspx?Type=14&amp;ID=1362&amp;Inline=True; FileOpen.aspx?Type=1&amp;ID=1362&amp;Inline=True; FileOpen.aspx?Type=15&amp;ID=1289&amp;Inline=True; FileOpen.aspx?Type=12&amp;ID=1289&amp;Inline=True; Detail_Motion.aspx?Frame=&MeetingID=1472&MinutesID=1289&MediaPosition=&ID=12044&Type=60&CssClass= style=; Detail_LegiFile.aspx?Frame=&MeetingID=1472&MediaPosition=&ID=3170&CssClass=; FileOpen.aspx?Type=4&ID=4964&MeetingID=1472; Detail_LegiFile.aspx?Frame=&MeetingID=1472&MediaPosition=&ID=3164&CssClass=; FileOpen.aspx?Type=4&ID=4947&MeetingID=1472; Detail_LegiFile.aspx?Frame=&MeetingID=1472&MediaPosition=&ID=3165&CssClass=; FileOpen.aspx?Type=4&ID=4948&MeetingID=1472; FileOpen.aspx?Type=4&ID=4949&MeetingID=1472; Detail_LegiFile.aspx?Frame=&MeetingID=1472&MediaPosition=&ID=3166&CssClass=; FileOpen.aspx?Type=4&ID=4950&MeetingID=1472; Detail_LegiFile.aspx?Frame=&MeetingID=1472&MediaPosition=&ID=3167&CssClass=; FileOpen.aspx?Type=4&ID=4951&MeetingID=1472; FileOpen.aspx?Type=4&ID=4952&MeetingID=1472; Detail_LegiFile.aspx?Frame=&MeetingID=1472&MediaPosition=&ID=3149&CssClass=; FileOpen.aspx?Type=4&ID=4965&MeetingID=1472; FileOpen.aspx?Type=4&ID=4966&MeetingID=1472; Detail_LegiFile.aspx?Frame=&MeetingID=1472&MediaPosition=&ID=3169&CssClass=; FileOpen.aspx?Type=4&ID=4955&MeetingID=1472; FileOpen.aspx?Type=4&ID=4956&MeetingID=1472; FileOpen.aspx?Type=4&ID=4957&MeetingID=1472; FileOpen.aspx?Type=4&ID=4958&MeetingID=1472; FileOpen.aspx?Type=4&ID=4959&MeetingID=1472; FileOpen.aspx?Type=4&ID=4960&MeetingID=1472; FileOpen.aspx?Type=4&ID=4961&MeetingID=1472; FileOpen.aspx?Type=4&ID=4963&MeetingID=1472; FileOpen.aspx?Type=4&ID=4962&MeetingID=1472; Detail_LegiFile.aspx?Frame=&MeetingID=1472&MediaPosition=&ID=3147&CssClass=; FileOpen.aspx?Type=4&ID=4920&MeetingID=1472; Detail_LegiFile.aspx?Frame=&MeetingID=1472&MediaPosition=&ID=3146&CssClass=; FileOpen.aspx?Type=4&ID=4919&MeetingID=1472; Detail_LegiFile.aspx?Frame=&MeetingID=1472&MediaPosition=&ID=3168&CssClass=; FileOpen.aspx?Type=4&ID=4953&MeetingID=1472; FileOpen.aspx?Type=4&ID=4954&MeetingID=1472"
"1473","https://jeffersoncityga.iqm2.com/Citizens/Detail_Meeting.aspx?ID=1473","2021/09/07 06:00 PM Jefferson & Talmo Planning Commission Regular - Web Outline - City of Jefferson, Georgia &laquo;Back to Main Site Welcome Meetings Browse Media Notices Boards+ Log in | Help | Register Print This Page Quick Link #1 Quick Link #2 --> Jefferson & Talmo Planning Commission Regular 9/7/2021 6:00 PM Jefferson Station Community Room Jefferson Station&nbsp;&nbsp;&nbsp;Community Room&nbsp;&nbsp;&nbsp;Jefferson, GA 30549 Downloads: Agenda Agenda Packet I. Call to Order -- Chip McEver II. Roll Call III. Old Business -- None IV. Approval of Minutes - August 2, 2021 meeting 1. August 2, 2021 Minutes a. August 2021 Planning Commission minutes V. Review of Public Hearing Procedures - Jerry Weitz VI. New Business 1. CU-21-J01 Conditional Use- Elite Basting Services/ Quick Supply NC, Applicant, Georgia Stone Products, LLC, Property Owner, Seeks a Conditional Use Permit for Explosives Storage in a HI (Heavy Industrial) Zoning District on Property Containing 14.343 Acres Fronting on ","FileOpen.aspx?Type=14&amp;ID=1361&amp;Inline=True; FileOpen.aspx?Type=1&amp;ID=1361&amp;Inline=True; Detail_LegiFile.aspx?Frame=&MeetingID=1473&MediaPosition=&ID=3155&CssClass=; FileOpen.aspx?Type=4&ID=4937&MeetingID=1473; Detail_LegiFile.aspx?Frame=&MeetingID=1473&MediaPosition=&ID=3156&CssClass=; FileOpen.aspx?Type=4&ID=4938&MeetingID=1473; Detail_LegiFile.aspx?Frame=&MeetingID=1473&MediaPosition=&ID=3157&CssClass=; FileOpen.aspx?Type=4&ID=4939&MeetingID=1473; Detail_LegiFile.aspx?Frame=&MeetingID=1473&MediaPosition=&ID=3162&CssClass=; FileOpen.aspx?Type=4&ID=4945&MeetingID=1473; Detail_LegiFile.aspx?Frame=&MeetingID=1473&MediaPosition=&ID=3161&CssClass=; FileOpen.aspx?Type=4&ID=4944&MeetingID=1473"
"1474","https://jeffersoncityga.iqm2.com/Citizens/Detail_Meeting.aspx?ID=1474","2021/09/27 06:00 PM City Council Voting Session - Web Outline - City of Jefferson, Georgia &laquo;Back to Main Site Welcome Meetings Browse Media Notices Boards+ Log in | Help | Register Print This Page Quick Link #1 Quick Link #2 --> City Council Voting Session 9/27/2021 6:00 PM Jefferson Station Community Room Jefferson Station&nbsp;&nbsp;&nbsp;Community Room&nbsp;&nbsp;&nbsp;Jefferson, GA 30549 Downloads: Agenda Agenda Packet Minutes Minutes Packet 1. Call to Order 1. Pledge of Allegiance 2. Roll Call 2. Approval of Agenda 3. Presentation 4. Minutes Approval 1. Minutes of Aug 9, 2021 6:00 PM 2. Minutes of Aug 23, 2021 6:00 PM 5. Planning and Development 1. 2021-58 : V-21-J07 Tull Signs, LLC, applicant, Seefried Properties, property owner, seeks a variance to Article 17, “Signs and Advertising Devices, “Chapter 17.3, “Sign Allowances by Sign Type,” Section 17.3.1, “Principal Ground and Multi-Tenant Property Ground Signs,” to increase the maximum area for a ground sign in an LI, Light","FileOpen.aspx?Type=14&amp;ID=1363&amp;Inline=True; FileOpen.aspx?Type=1&amp;ID=1363&amp;Inline=True; FileOpen.aspx?Type=15&amp;ID=1291&amp;Inline=True; FileOpen.aspx?Type=12&amp;ID=1291&amp;Inline=True; Detail_Motion.aspx?Frame=&MeetingID=1474&MinutesID=1291&MediaPosition=&ID=12096&Type=30&AcceptMinutesID=1287&CssClass= style=; Detail_Motion.aspx?Frame=&MeetingID=1474&MinutesID=1291&MediaPosition=&ID=12097&Type=30&AcceptMinutesID=1288&CssClass= style=; Detail_LegiFile.aspx?Frame=&MeetingID=1474&MediaPosition=&ID=3166&CssClass=; FileOpen.aspx?Type=4&ID=4950&MeetingID=1474; FileOpen.aspx?Type=4&ID=4997&MeetingID=1474; Detail_LegiFile.aspx?Frame=&MeetingID=1474&MediaPosition=&ID=3164&CssClass=; FileOpen.aspx?Type=4&ID=4947&MeetingID=1474; FileOpen.aspx?Type=4&ID=4998&MeetingID=1474; Detail_LegiFile.aspx?Frame=&MeetingID=1474&MediaPosition=&ID=3167&CssClass=; FileOpen.aspx?Type=4&ID=4951&MeetingID=1474; FileOpen.aspx?Type=4&ID=4952&MeetingID=1474; Detail_LegiFile.aspx?Frame=&MeetingID=1474&MediaPosition=&ID=3175&CssClass=; FileOpen.aspx?Type=4&ID=4983&MeetingID=1474; FileOpen.aspx?Type=4&ID=4984&MeetingID=1474; FileOpen.aspx?Type=4&ID=4985&MeetingID=1474; FileOpen.aspx?Type=4&ID=4986&MeetingID=1474; Detail_LegiFile.aspx?Frame=&MeetingID=1474&MediaPosition=&ID=3146&CssClass=; FileOpen.aspx?Type=4&ID=4919&MeetingID=1474; FileOpen.aspx?Type=4&ID=4967&MeetingID=1474; Detail_LegiFile.aspx?Frame=&MeetingID=1474&MediaPosition=&ID=3147&CssClass=; FileOpen.aspx?Type=4&ID=4920&MeetingID=1474; FileOpen.aspx?Type=4&ID=4992&MeetingID=1474; FileOpen.aspx?Type=4&ID=4993&MeetingID=1474; FileOpen.aspx?Type=4&ID=4968&MeetingID=1474; FileOpen.aspx?Type=4&ID=4999&MeetingID=1474; Detail_LegiFile.aspx?Frame=&MeetingID=1474&MediaPosition=&ID=3176&CssClass=; FileOpen.aspx?Type=4&ID=4987&MeetingID=1474; Detail_LegiFile.aspx?Frame=&MeetingID=1474&MediaPosition=&ID=3171&CssClass=; FileOpen.aspx?Type=4&ID=4969&MeetingID=1474; FileOpen.aspx?Type=4&ID=4970&MeetingID=1474; FileOpen.aspx?Type=4&ID=4972&MeetingID=1474; Detail_LegiFile.aspx?Frame=&MeetingID=1474&MediaPosition=&ID=3177&CssClass=; FileOpen.aspx?Type=4&ID=4988&MeetingID=1474; FileOpen.aspx?Type=4&ID=4989&MeetingID=1474; FileOpen.aspx?Type=4&ID=4990&MeetingID=1474; FileOpen.aspx?Type=4&ID=4991&MeetingID=1474; Detail_LegiFile.aspx?Frame=&MeetingID=1474&MediaPosition=&ID=3173&CssClass=; FileOpen.aspx?Type=4&ID=4976&MeetingID=1474; FileOpen.aspx?Type=4&ID=4977&MeetingID=1474; FileOpen.aspx?Type=4&ID=4978&MeetingID=1474; Detail_LegiFile.aspx?Frame=&MeetingID=1474&MediaPosition=&ID=3179&CssClass=; FileOpen.aspx?Type=4&ID=4996&MeetingID=1474; Detail_Motion.aspx?Frame=&MeetingID=1474&MinutesID=1291&MediaPosition=&ID=12142&Type=70&CssClass= style="
"1496","https://jeffersoncityga.iqm2.com/Citizens/Detail_Meeting.aspx?ID=1496","2022/04/11 06:00 PM City Council Work Session - Web Outline - City of Jefferson, Georgia &laquo;Back to Main Site Welcome Meetings Browse Media Notices Boards+ Log in | Help | Register Print This Page Quick Link #1 Quick Link #2 --> City Council Work Session 4/11/2022 6:00 PM Jefferson Station Community Room Jefferson Station&nbsp;&nbsp;&nbsp;Community Room&nbsp;&nbsp;&nbsp;Jefferson, GA 30549 Downloads: Agenda Agenda Packet Minutes Minutes Packet Audio 1. Call to Order 1. Pledge of Allegiance 2. Roll Call 2. Approval of Agenda 1. Motion to approve the agenda with the amendment of moving public comment form Item 3 to after administration on agenda 3. Planning and Development 1. Planning Commission Letter a. April 2022 Planning Commission Letter 2. 2022-17 : V-22-J01 Variance – J.M. Business Park III, LLC, by Drew Fredrick, property owner and applicant, seeks a variance to the Land Use Management Code, Article 17, “Signs and Advertising Devices,” Chapter 17.3, “Sign Allowances by Sign T","FileOpen.aspx?Type=14&amp;ID=1384&amp;Inline=True; FileOpen.aspx?Type=1&amp;ID=1384&amp;Inline=True; FileOpen.aspx?Type=15&amp;ID=1305&amp;Inline=True; FileOpen.aspx?Type=12&amp;ID=1305&amp;Inline=True; Detail_Motion.aspx?Frame=&MeetingID=1496&MinutesID=1305&MediaPosition=&ID=12652&Type=60&CssClass= style=; Detail_LegiFile.aspx?Frame=&MeetingID=1496&MediaPosition=&ID=3285&CssClass=; FileOpen.aspx?Type=4&ID=5185&MeetingID=1496; Detail_LegiFile.aspx?Frame=&MeetingID=1496&MediaPosition=&ID=3284&CssClass=; FileOpen.aspx?Type=4&ID=5184&MeetingID=1496; Detail_LegiFile.aspx?Frame=&MeetingID=1496&MediaPosition=&ID=3288&CssClass=; Detail_LegiFile.aspx?Frame=&MeetingID=1496&MediaPosition=&ID=3289&CssClass=; Detail_LegiFile.aspx?Frame=&MeetingID=1496&MediaPosition=&ID=3287&CssClass=; FileOpen.aspx?Type=4&ID=5189&MeetingID=1496; Detail_LegiFile.aspx?Frame=&MeetingID=1496&MediaPosition=&ID=3269&CssClass=; FileOpen.aspx?Type=4&ID=5163&MeetingID=1496; Detail_LegiFile.aspx?Frame=&MeetingID=1496&MediaPosition=&ID=3286&CssClass=; FileOpen.aspx?Type=4&ID=5187&MeetingID=1496; FileOpen.aspx?Type=4&ID=5186&MeetingID=1496; FileOpen.aspx?Type=4&ID=5188&MeetingID=1496"
"1497","https://jeffersoncityga.iqm2.com/Citizens/Detail_Meeting.aspx?ID=1497","2022/04/25 06:00 PM City Council Voting Session - Web Outline - City of Jefferson, Georgia &laquo;Back to Main Site Welcome Meetings Browse Media Notices Boards+ Log in | Help | Register Print This Page Quick Link #1 Quick Link #2 --> City Council Voting Session 4/25/2022 6:00 PM Jefferson Station Community Room Jefferson Station&nbsp;&nbsp;&nbsp;Community Room&nbsp;&nbsp;&nbsp;Jefferson, GA 30549 Downloads: Agenda Agenda Packet Minutes Minutes Packet Audio 1. Call to Order 1. Pledge of Allegiance 2. Roll Call 2. Approval of Agenda 1. Motion to approve agenda 3. Presentation - Georgia Municipal Association 4. Public Comments 5. Minutes Approval 1. Minutes of Mar 14, 2022 6:00 PM 2. Minutes of Mar 28, 2022 6:00 PM 6. Planning and Development 1. 2022-17 : V-22-J01 Variance – J.M. Business Park III, LLC, by Drew Fredrick, property owner and applicant, seeks a variance to the Land Use Management Code, Article 17, “Signs and Advertising Devices,” Chapter 17.3, “Sign Allowances by Sign Type,","FileOpen.aspx?Type=14&amp;ID=1385&amp;Inline=True; FileOpen.aspx?Type=1&amp;ID=1385&amp;Inline=True; FileOpen.aspx?Type=15&amp;ID=1306&amp;Inline=True; FileOpen.aspx?Type=12&amp;ID=1306&amp;Inline=True; Detail_Motion.aspx?Frame=&MeetingID=1497&MinutesID=1306&MediaPosition=&ID=12677&Type=60&CssClass= style=; Detail_Motion.aspx?Frame=&MeetingID=1497&MinutesID=1306&MediaPosition=&ID=12681&Type=30&AcceptMinutesID=1303&CssClass= style=; Detail_Motion.aspx?Frame=&MeetingID=1497&MinutesID=1306&MediaPosition=&ID=12682&Type=30&AcceptMinutesID=1304&CssClass= style=; Detail_LegiFile.aspx?Frame=&MeetingID=1497&MediaPosition=&ID=3284&CssClass=; FileOpen.aspx?Type=4&ID=5184&MeetingID=1497; FileOpen.aspx?Type=4&ID=5195&MeetingID=1497; Detail_LegiFile.aspx?Frame=&MeetingID=1497&MediaPosition=&ID=3290&CssClass=; FileOpen.aspx?Type=4&ID=5196&MeetingID=1497; FileOpen.aspx?Type=4&ID=5197&MeetingID=1497; Detail_LegiFile.aspx?Frame=&MeetingID=1497&MediaPosition=&ID=3288&CssClass=; Detail_LegiFile.aspx?Frame=&MeetingID=1497&MediaPosition=&ID=3289&CssClass=; FileOpen.aspx?Type=4&ID=5190&MeetingID=1497; Detail_LegiFile.aspx?Frame=&MeetingID=1497&MediaPosition=&ID=3269&CssClass=; FileOpen.aspx?Type=4&ID=5163&MeetingID=1497; Detail_LegiFile.aspx?Frame=&MeetingID=1497&MediaPosition=&ID=3291&CssClass=; FileOpen.aspx?Type=4&ID=5192&MeetingID=1497; FileOpen.aspx?Type=4&ID=5191&MeetingID=1497; FileOpen.aspx?Type=4&ID=5193&MeetingID=1497; FileOpen.aspx?Type=4&ID=5194&MeetingID=1497"
"1500","https://jeffersoncityga.iqm2.com/Citizens/Detail_Meeting.aspx?ID=1500","2022/06/13 06:00 PM City Council Work Session - Web Outline - City of Jefferson, Georgia &laquo;Back to Main Site Welcome Meetings Browse Media Notices Boards+ Log in | Help | Register Print This Page Quick Link #1 Quick Link #2 --> City Council Work Session 6/13/2022 6:00 PM Jefferson Station Community Room Jefferson Station&nbsp;&nbsp;&nbsp;Community Room&nbsp;&nbsp;&nbsp;Jefferson, GA 30549 Downloads: Agenda Packet Minutes Minutes Packet Audio 1. Call to Order 1. Pledge of Allegiance 2. Roll Call 2. Approval of Agenda 3. Planning and Development 1. Letter from Planning Commission a. June 2022 Planning Commission Letter 2. R-22-J02 Annexation and Zoning: 281 Acres, LLC, Property Owner, Kolter Group Acquisitions LLC, Applicant, seeks to annex into the City of Jefferson 156.46 Acres Fronting on the North Side of Old Pendergrass Road (Part of Map/Parcel 093 006D) and the East and West Sides of Lewis Sailors Road with a Planned Community Development (PCD) Zoning Classification. Current Z","FileOpen.aspx?Type=1&amp;ID=1389&amp;Inline=True; FileOpen.aspx?Type=15&amp;ID=1328&amp;Inline=True; FileOpen.aspx?Type=12&amp;ID=1328&amp;Inline=True; Detail_LegiFile.aspx?Frame=&MeetingID=1500&MediaPosition=&ID=3322&CssClass=; FileOpen.aspx?Type=4&ID=5249&MeetingID=1500; Detail_LegiFile.aspx?Frame=&MeetingID=1500&MediaPosition=&ID=3314&CssClass=; FileOpen.aspx?Type=4&ID=5233&MeetingID=1500; FileOpen.aspx?Type=4&ID=5234&MeetingID=1500; FileOpen.aspx?Type=4&ID=5235&MeetingID=1500; FileOpen.aspx?Type=4&ID=5236&MeetingID=1500; FileOpen.aspx?Type=4&ID=5262&MeetingID=1500; FileOpen.aspx?Type=4&ID=5263&MeetingID=1500; FileOpen.aspx?Type=4&ID=5264&MeetingID=1500; Detail_LegiFile.aspx?Frame=&MeetingID=1500&MediaPosition=&ID=3315&CssClass=; FileOpen.aspx?Type=4&ID=5237&MeetingID=1500; FileOpen.aspx?Type=4&ID=5238&MeetingID=1500; FileOpen.aspx?Type=4&ID=5239&MeetingID=1500; FileOpen.aspx?Type=4&ID=5240&MeetingID=1500; FileOpen.aspx?Type=4&ID=5241&MeetingID=1500; FileOpen.aspx?Type=4&ID=5242&MeetingID=1500; Detail_LegiFile.aspx?Frame=&MeetingID=1500&MediaPosition=&ID=3316&CssClass=; FileOpen.aspx?Type=4&ID=5243&MeetingID=1500; Detail_LegiFile.aspx?Frame=&MeetingID=1500&MediaPosition=&ID=3317&CssClass=; FileOpen.aspx?Type=4&ID=5244&MeetingID=1500; Detail_LegiFile.aspx?Frame=&MeetingID=1500&MediaPosition=&ID=3318&CssClass=; FileOpen.aspx?Type=4&ID=5245&MeetingID=1500; Detail_LegiFile.aspx?Frame=&MeetingID=1500&MediaPosition=&ID=3319&CssClass=; FileOpen.aspx?Type=4&ID=5246&MeetingID=1500; FileOpen.aspx?Type=4&ID=5250&MeetingID=1500; Detail_LegiFile.aspx?Frame=&MeetingID=1500&MediaPosition=&ID=3320&CssClass=; FileOpen.aspx?Type=4&ID=5247&MeetingID=1500; Detail_LegiFile.aspx?Frame=&MeetingID=1500&MediaPosition=&ID=3321&CssClass=; FileOpen.aspx?Type=4&ID=5248&MeetingID=1500; Detail_LegiFile.aspx?Frame=&MeetingID=1500&MediaPosition=&ID=3323&CssClass=; FileOpen.aspx?Type=4&ID=5251&MeetingID=1500; FileOpen.aspx?Type=4&ID=5252&MeetingID=1500; FileOpen.aspx?Type=4&ID=5253&MeetingID=1500; Detail_LegiFile.aspx?Frame=&MeetingID=1500&MediaPosition=&ID=3327&CssClass=; FileOpen.aspx?Type=4&ID=5258&MeetingID=1500; Detail_LegiFile.aspx?Frame=&MeetingID=1500&MediaPosition=&ID=3324&CssClass=; FileOpen.aspx?Type=4&ID=5254&MeetingID=1500; FileOpen.aspx?Type=4&ID=5255&MeetingID=1500; Detail_LegiFile.aspx?Frame=&MeetingID=1500&MediaPosition=&ID=3328&CssClass=; FileOpen.aspx?Type=4&ID=5259&MeetingID=1500; FileOpen.aspx?Type=4&ID=5260&MeetingID=1500; FileOpen.aspx?Type=4&ID=5261&MeetingID=1500; Detail_LegiFile.aspx?Frame=&MeetingID=1500&MediaPosition=&ID=3326&CssClass=; FileOpen.aspx?Type=4&ID=5257&MeetingID=1500; Detail_LegiFile.aspx?Frame=&MeetingID=1500&MediaPosition=&ID=3325&CssClass=; FileOpen.aspx?Type=4&ID=5256&MeetingID=1500; Detail_Motion.aspx?Frame=&MeetingID=1500&MinutesID=1328&MediaPosition=&ID=12959&Type=70&CssClass= style=; Detail_Motion.aspx?Frame=&MeetingID=1500&MinutesID=1328&MediaPosition=&ID=12960&Type=70&CssClass= style=; Detail_Motion.aspx?Frame=&MeetingID=1500&MinutesID=1328&MediaPosition=&ID=12961&Type=70&CssClass= style="
"1502","https://jeffersoncityga.iqm2.com/Citizens/Detail_Meeting.aspx?ID=1502","2022/04/04 06:00 PM Jefferson & Talmo Planning Commission Regular - Web Outline - City of Jefferson, Georgia &laquo;Back to Main Site Welcome Meetings Browse Media Notices Boards+ Log in | Help | Register Print This Page Quick Link #1 Quick Link #2 --> Jefferson & Talmo Planning Commission Regular 4/4/2022 6:00 PM Jefferson Station Community Room Jefferson Station&nbsp;&nbsp;&nbsp;Community Room&nbsp;&nbsp;&nbsp;Jefferson, GA 30549 Downloads: Agenda Agenda Packet I. Call to Order -- Chip McEver II. Roll Call III. Old Business -- None IV. Approval of Minutes - March 7, 2021 meeting 1. March 7 Minutes V. Review of Public Hearing Procedures - Jerry Weitz VI. New Business 1. R-22-J02 Annexation and Zoning: 281 Acres, LLC, Property Owner, Kolter Group Acquisitions LLC, Applicant, Seeks to Annex into the City of Jefferson 156.46 Acres Fronting on the North Side of Old Pendergrass Road (Part of Map/Parcel 093 006D) and the East and West Sides of Lewis Sailors Road with a Planned Community Dev","FileOpen.aspx?Type=14&amp;ID=1382&amp;Inline=True; FileOpen.aspx?Type=1&amp;ID=1382&amp;Inline=True; Detail_LegiFile.aspx?Frame=&MeetingID=1502&MediaPosition=&ID=3276&CssClass=; Detail_LegiFile.aspx?Frame=&MeetingID=1502&MediaPosition=&ID=3278&CssClass=; FileOpen.aspx?Type=4&ID=5173&MeetingID=1502; FileOpen.aspx?Type=4&ID=5174&MeetingID=1502; FileOpen.aspx?Type=4&ID=5175&MeetingID=1502; FileOpen.aspx?Type=4&ID=5183&MeetingID=1502; Detail_LegiFile.aspx?Frame=&MeetingID=1502&MediaPosition=&ID=3279&CssClass=; FileOpen.aspx?Type=4&ID=5176&MeetingID=1502"
"1503","https://jeffersoncityga.iqm2.com/Citizens/Detail_Meeting.aspx?ID=1503","2022/06/06 06:00 PM Jefferson & Talmo Planning Commission Regular - Web Outline - City of Jefferson, Georgia &laquo;Back to Main Site Welcome Meetings Browse Media Notices Boards+ Log in | Help | Register Print This Page Quick Link #1 Quick Link #2 --> Jefferson & Talmo Planning Commission Regular 6/6/2022 6:00 PM Jefferson Station Community Room Jefferson Station&nbsp;&nbsp;&nbsp;Community Room&nbsp;&nbsp;&nbsp;Jefferson, GA 30549 Downloads: Agenda Agenda Packet I. Call to Order -- Chip McEver II. Roll Call III. Old Business -- None IV. Approval of Minutes - April 4, 2022 meeting 1. April Minutes a. Minutes 4-4-22 V. Review of Public Hearing Procedures - Jerry Weitz VI. New Business 1. Preliminary Plat: RWH Home Builders, LLC, by Rodney Hellemn, 8 Lots Fronting on the South Side of Elder Drive [Staff Recommendation: Approval] a. Preliminary Plat Memo Hellemn 5-24-22 2. Preliminary Plat: Walnut Fork Investors 2, LLC, Henry D. Robinson Boulevard Extension [Staff Recommendation: Approval","FileOpen.aspx?Type=14&amp;ID=1388&amp;Inline=True; FileOpen.aspx?Type=1&amp;ID=1388&amp;Inline=True; Detail_LegiFile.aspx?Frame=&MeetingID=1503&MediaPosition=&ID=3298&CssClass=; FileOpen.aspx?Type=4&ID=5213&MeetingID=1503; Detail_LegiFile.aspx?Frame=&MeetingID=1503&MediaPosition=&ID=3299&CssClass=; FileOpen.aspx?Type=4&ID=5214&MeetingID=1503; Detail_LegiFile.aspx?Frame=&MeetingID=1503&MediaPosition=&ID=3300&CssClass=; FileOpen.aspx?Type=4&ID=5215&MeetingID=1503; Detail_LegiFile.aspx?Frame=&MeetingID=1503&MediaPosition=&ID=3301&CssClass=; FileOpen.aspx?Type=4&ID=5216&MeetingID=1503; FileOpen.aspx?Type=4&ID=5217&MeetingID=1503; FileOpen.aspx?Type=4&ID=5218&MeetingID=1503; Detail_LegiFile.aspx?Frame=&MeetingID=1503&MediaPosition=&ID=3313&CssClass=; FileOpen.aspx?Type=4&ID=5232&MeetingID=1503; Detail_LegiFile.aspx?Frame=&MeetingID=1503&MediaPosition=&ID=3302&CssClass=; FileOpen.aspx?Type=4&ID=5219&MeetingID=1503; FileOpen.aspx?Type=4&ID=5220&MeetingID=1503; FileOpen.aspx?Type=4&ID=5221&MeetingID=1503; FileOpen.aspx?Type=4&ID=5222&MeetingID=1503; FileOpen.aspx?Type=4&ID=5223&MeetingID=1503; Detail_LegiFile.aspx?Frame=&MeetingID=1503&MediaPosition=&ID=3312&CssClass=; FileOpen.aspx?Type=4&ID=5231&MeetingID=1503; Detail_LegiFile.aspx?Frame=&MeetingID=1503&MediaPosition=&ID=3303&CssClass=; FileOpen.aspx?Type=4&ID=5224&MeetingID=1503; Detail_LegiFile.aspx?Frame=&MeetingID=1503&MediaPosition=&ID=3304&CssClass=; FileOpen.aspx?Type=4&ID=5225&MeetingID=1503; Detail_LegiFile.aspx?Frame=&MeetingID=1503&MediaPosition=&ID=3305&CssClass=; FileOpen.aspx?Type=4&ID=5226&MeetingID=1503; Detail_LegiFile.aspx?Frame=&MeetingID=1503&MediaPosition=&ID=3306&CssClass=; FileOpen.aspx?Type=4&ID=5227&MeetingID=1503; Detail_LegiFile.aspx?Frame=&MeetingID=1503&MediaPosition=&ID=3307&CssClass=; Detail_LegiFile.aspx?Frame=&MeetingID=1503&MediaPosition=&ID=3308&CssClass="
"1504","https://jeffersoncityga.iqm2.com/Citizens/Detail_Meeting.aspx?ID=1504","2022/06/20 06:00 PM City Council Voting Session - Web Outline - City of Jefferson, Georgia &laquo;Back to Main Site Welcome Meetings Browse Media Notices Boards+ Log in | Help | Register Print This Page Quick Link #1 Quick Link #2 --> City Council Voting Session 6/20/2022 6:00 PM Jefferson Station Community Room Jefferson Station&nbsp;&nbsp;&nbsp;Community Room&nbsp;&nbsp;&nbsp;Jefferson, GA 30549 Downloads: Agenda Agenda Packet Minutes Minutes Packet Audio 1. Call to Order 1. Pledge of Allegiance 2. Roll Call 2. Approval of Agenda 1. Motion to approve agenda as written 3. Public Comments 4. Minutes Approval 1. Minutes of May 9, 2022 6:00 PM 2. Minutes of May 23, 2022 6:00 PM 5. Planning and Development 1. R-22-J02 Annexation and Zoning: 281 Acres, LLC, Property Owner, Kolter Group Acquisitions LLC, Applicant, seeks to annex into the City of Jefferson 156.46 Acres Fronting on the North Side of Old Pendergrass Road (Part of Map/Parcel 093 006D) and the East and West Sides of Lewis Sailo","FileOpen.aspx?Type=15&amp;ID=1331&amp;Inline=True; FileOpen.aspx?Type=12&amp;ID=1331&amp;Inline=True; Detail_Motion.aspx?Frame=&MeetingID=1504&MinutesID=1331&MediaPosition=&ID=12967&Type=60&CssClass= style=; Detail_Motion.aspx?Frame=&MeetingID=1504&MinutesID=1331&MediaPosition=&ID=12968&Type=70&CssClass= style=; Detail_Motion.aspx?Frame=&MeetingID=1504&MinutesID=1331&MediaPosition=&ID=12970&Type=30&AcceptMinutesID=1307&CssClass= style=; Detail_Motion.aspx?Frame=&MeetingID=1504&MinutesID=1331&MediaPosition=&ID=12971&Type=30&AcceptMinutesID=1308&CssClass= style=; Detail_LegiFile.aspx?Frame=&MeetingID=1504&MediaPosition=&ID=3314&CssClass=; FileOpen.aspx?Type=4&ID=5233&MeetingID=1504; FileOpen.aspx?Type=4&ID=5234&MeetingID=1504; FileOpen.aspx?Type=4&ID=5235&MeetingID=1504; FileOpen.aspx?Type=4&ID=5236&MeetingID=1504; FileOpen.aspx?Type=4&ID=5262&MeetingID=1504; FileOpen.aspx?Type=4&ID=5263&MeetingID=1504; FileOpen.aspx?Type=4&ID=5264&MeetingID=1504; FileOpen.aspx?Type=4&ID=5270&MeetingID=1504; Detail_LegiFile.aspx?Frame=&MeetingID=1504&MediaPosition=&ID=3315&CssClass=; FileOpen.aspx?Type=4&ID=5237&MeetingID=1504; FileOpen.aspx?Type=4&ID=5238&MeetingID=1504; FileOpen.aspx?Type=4&ID=5239&MeetingID=1504; FileOpen.aspx?Type=4&ID=5240&MeetingID=1504; FileOpen.aspx?Type=4&ID=5241&MeetingID=1504; FileOpen.aspx?Type=4&ID=5242&MeetingID=1504; FileOpen.aspx?Type=4&ID=5265&MeetingID=1504; FileOpen.aspx?Type=4&ID=5276&MeetingID=1504; FileOpen.aspx?Type=4&ID=5269&MeetingID=1504; Detail_LegiFile.aspx?Frame=&MeetingID=1504&MediaPosition=&ID=3316&CssClass=; FileOpen.aspx?Type=4&ID=5243&MeetingID=1504; FileOpen.aspx?Type=4&ID=5268&MeetingID=1504; Detail_LegiFile.aspx?Frame=&MeetingID=1504&MediaPosition=&ID=3317&CssClass=; FileOpen.aspx?Type=4&ID=5244&MeetingID=1504; FileOpen.aspx?Type=4&ID=5267&MeetingID=1504; Detail_LegiFile.aspx?Frame=&MeetingID=1504&MediaPosition=&ID=3318&CssClass=; FileOpen.aspx?Type=4&ID=5245&MeetingID=1504; FileOpen.aspx?Type=4&ID=5266&MeetingID=1504; Detail_LegiFile.aspx?Frame=&MeetingID=1504&MediaPosition=&ID=3327&CssClass=; FileOpen.aspx?Type=4&ID=5258&MeetingID=1504; FileOpen.aspx?Type=4&ID=5271&MeetingID=1504; FileOpen.aspx?Type=4&ID=5272&MeetingID=1504; Detail_LegiFile.aspx?Frame=&MeetingID=1504&MediaPosition=&ID=3326&CssClass=; FileOpen.aspx?Type=4&ID=5257&MeetingID=1504; Detail_LegiFile.aspx?Frame=&MeetingID=1504&MediaPosition=&ID=3329&CssClass=; Detail_LegiFile.aspx?Frame=&MeetingID=1504&MediaPosition=&ID=3330&CssClass=; FileOpen.aspx?Type=4&ID=5273&MeetingID=1504; FileOpen.aspx?Type=4&ID=5274&MeetingID=1504; FileOpen.aspx?Type=4&ID=5275&MeetingID=1504; Detail_Motion.aspx?Frame=&MeetingID=1504&MinutesID=1331&MediaPosition=&ID=13014&Type=70&CssClass= style=; Detail_Motion.aspx?Frame=&MeetingID=1504&MinutesID=1331&MediaPosition=&ID=13015&Type=70&CssClass= style=; Detail_Motion.aspx?Frame=&MeetingID=1504&MinutesID=1331&MediaPosition=&ID=13016&Type=70&CssClass= style="
"1517","https://jeffersoncityga.iqm2.com/Citizens/Detail_Meeting.aspx?ID=1517","2022/10/24 06:00 PM City Council Voting Session - Web Outline - City of Jefferson, Georgia &laquo;Back to Main Site Welcome Meetings Browse Media Notices Boards+ Log in | Help | Register Print This Page Quick Link #1 Quick Link #2 --> City Council Voting Session 10/24/2022 6:00 PM Jefferson Station Community Room Jefferson Station&nbsp;&nbsp;&nbsp;Community Room&nbsp;&nbsp;&nbsp;Jefferson, GA 30549 Downloads: Agenda Agenda Packet Minutes Minutes Packet Audio 1. Call to Order 1. Pledge of Allegiance 2. Roll Call 2. Approval of Agenda 1. Motion to approve agenda 3. Public Comments 4. Minutes Approval 1. Minutes of Sep 12, 2022 6:00 PM 2. Minutes of Sep 26, 2022 6:00 PM 5. Planning and Development 1. 2022-73 : Ordinance DA 22-J01 Calmat Company, a subsidiary of Vulcan Materials Company, applicant and property owner, by David Ellison of Fortson, Bentley and Griffin, PA, has applied for de-annexation from the city limits of Jefferson of 36.28 acres of land fronting on the east side of Valen","FileOpen.aspx?Type=14&amp;ID=1403&amp;Inline=True; FileOpen.aspx?Type=1&amp;ID=1403&amp;Inline=True; FileOpen.aspx?Type=15&amp;ID=1350&amp;Inline=True; FileOpen.aspx?Type=12&amp;ID=1350&amp;Inline=True; Detail_Motion.aspx?Frame=&MeetingID=1517&MinutesID=1350&MediaPosition=&ID=13845&Type=60&CssClass= style=; Detail_Motion.aspx?Frame=&MeetingID=1517&MinutesID=1350&MediaPosition=&ID=13848&Type=30&AcceptMinutesID=1346&CssClass= style=; Detail_Motion.aspx?Frame=&MeetingID=1517&MinutesID=1350&MediaPosition=&ID=13849&Type=30&AcceptMinutesID=1347&CssClass= style=; Detail_LegiFile.aspx?Frame=&MeetingID=1517&MediaPosition=&ID=3419&CssClass=; FileOpen.aspx?Type=4&ID=5443&MeetingID=1517; FileOpen.aspx?Type=4&ID=5444&MeetingID=1517; Detail_LegiFile.aspx?Frame=&MeetingID=1517&MediaPosition=&ID=3425&CssClass=; FileOpen.aspx?Type=4&ID=5452&MeetingID=1517; FileOpen.aspx?Type=4&ID=5453&MeetingID=1517; Detail_LegiFile.aspx?Frame=&MeetingID=1517&MediaPosition=&ID=3432&CssClass=; FileOpen.aspx?Type=4&ID=5462&MeetingID=1517; FileOpen.aspx?Type=4&ID=5463&MeetingID=1517; Detail_LegiFile.aspx?Frame=&MeetingID=1517&MediaPosition=&ID=3426&CssClass=; FileOpen.aspx?Type=4&ID=5454&MeetingID=1517; FileOpen.aspx?Type=4&ID=5455&MeetingID=1517; FileOpen.aspx?Type=4&ID=5456&MeetingID=1517; Detail_LegiFile.aspx?Frame=&MeetingID=1517&MediaPosition=&ID=3427&CssClass=; FileOpen.aspx?Type=4&ID=5457&MeetingID=1517"
"1613","https://jeffersoncityga.iqm2.com/Citizens/Detail_Meeting.aspx?ID=1613","2024/09/09 06:00 PM City Council Work Session - Web Outline - City of Jefferson, Georgia &laquo;Back to Main Site Welcome Meetings Browse Media Notices Boards+ Log in | Help | Register Print This Page Quick Link #1 Quick Link #2 --> City Council Work Session 9/9/2024 6:00 PM Jefferson Station Community Room Jefferson Station&nbsp;&nbsp;&nbsp;Community Room&nbsp;&nbsp;&nbsp;Jefferson, GA 30549 Downloads: Agenda Agenda Packet Minutes Minutes Packet Audio 1. Call to Order 1. Pledge of Allegiance 2. Roll Call 2. Approval of Agenda 3. Public Comments 4. Planning and Development (Public Hearings) 1. Letter from Planning Commission a. LetterfromPlanning Sept 2024 2. R-24-J06 Tipton Development, LLC, applicant and property owner, by David Elder, seeks rezoning from MFR (Multi-Family Residential District) Conditional (R-22-J05) to MFR (Multi-Family Residential District) Conditional of 3.56 acres (Map/Parcel 052/001A2) fronting on the south side of Commerce Road (SR 15 Alt) and the east side of ","FileOpen.aspx?Type=14&amp;ID=1497&amp;Inline=True; FileOpen.aspx?Type=1&amp;ID=1497&amp;Inline=True; FileOpen.aspx?Type=15&amp;ID=1410&amp;Inline=True; FileOpen.aspx?Type=12&amp;ID=1410&amp;Inline=True; Detail_Motion.aspx?Frame=&MeetingID=1613&MinutesID=1410&MediaPosition=&ID=16052&Type=70&CssClass= style=; Detail_Motion.aspx?Frame=&MeetingID=1613&MinutesID=1410&MediaPosition=&ID=16053&Type=70&CssClass= style=; Detail_LegiFile.aspx?Frame=&MeetingID=1613&MediaPosition=&ID=3970&CssClass=; FileOpen.aspx?Type=4&ID=6412&MeetingID=1613; Detail_LegiFile.aspx?Frame=&MeetingID=1613&MediaPosition=&ID=3959&CssClass=; FileOpen.aspx?Type=4&ID=6378&MeetingID=1613; FileOpen.aspx?Type=4&ID=6379&MeetingID=1613; FileOpen.aspx?Type=4&ID=6380&MeetingID=1613; FileOpen.aspx?Type=4&ID=6381&MeetingID=1613; Detail_LegiFile.aspx?Frame=&MeetingID=1613&MediaPosition=&ID=3960&CssClass=; FileOpen.aspx?Type=4&ID=6382&MeetingID=1613; FileOpen.aspx?Type=4&ID=6383&MeetingID=1613; Detail_LegiFile.aspx?Frame=&MeetingID=1613&MediaPosition=&ID=3961&CssClass=; FileOpen.aspx?Type=4&ID=6384&MeetingID=1613; FileOpen.aspx?Type=4&ID=6385&MeetingID=1613; Detail_LegiFile.aspx?Frame=&MeetingID=1613&MediaPosition=&ID=3962&CssClass=; FileOpen.aspx?Type=4&ID=6386&MeetingID=1613; FileOpen.aspx?Type=4&ID=6387&MeetingID=1613; Detail_LegiFile.aspx?Frame=&MeetingID=1613&MediaPosition=&ID=3963&CssClass=; FileOpen.aspx?Type=4&ID=6388&MeetingID=1613; FileOpen.aspx?Type=4&ID=6389&MeetingID=1613; FileOpen.aspx?Type=4&ID=6390&MeetingID=1613; FileOpen.aspx?Type=4&ID=6391&MeetingID=1613; FileOpen.aspx?Type=4&ID=6392&MeetingID=1613; FileOpen.aspx?Type=4&ID=6393&MeetingID=1613; Detail_LegiFile.aspx?Frame=&MeetingID=1613&MediaPosition=&ID=3964&CssClass=; FileOpen.aspx?Type=4&ID=6394&MeetingID=1613; FileOpen.aspx?Type=4&ID=6395&MeetingID=1613; FileOpen.aspx?Type=4&ID=6396&MeetingID=1613; Detail_LegiFile.aspx?Frame=&MeetingID=1613&MediaPosition=&ID=3966&CssClass=; FileOpen.aspx?Type=4&ID=6400&MeetingID=1613; FileOpen.aspx?Type=4&ID=6401&MeetingID=1613; FileOpen.aspx?Type=4&ID=6402&MeetingID=1613; Detail_LegiFile.aspx?Frame=&MeetingID=1613&MediaPosition=&ID=3965&CssClass=; FileOpen.aspx?Type=4&ID=6397&MeetingID=1613; FileOpen.aspx?Type=4&ID=6398&MeetingID=1613; FileOpen.aspx?Type=4&ID=6399&MeetingID=1613; Detail_LegiFile.aspx?Frame=&MeetingID=1613&MediaPosition=&ID=3967&CssClass=; FileOpen.aspx?Type=4&ID=6403&MeetingID=1613; FileOpen.aspx?Type=4&ID=6404&MeetingID=1613; Detail_LegiFile.aspx?Frame=&MeetingID=1613&MediaPosition=&ID=3973&CssClass=; Detail_LegiFile.aspx?Frame=&MeetingID=1613&MediaPosition=&ID=3969&CssClass=; FileOpen.aspx?Type=4&ID=6410&MeetingID=1613; FileOpen.aspx?Type=4&ID=6411&MeetingID=1613; FileOpen.aspx?Type=4&ID=6415&MeetingID=1613; Detail_LegiFile.aspx?Frame=&MeetingID=1613&MediaPosition=&ID=3968&CssClass=; FileOpen.aspx?Type=4&ID=6405&MeetingID=1613; FileOpen.aspx?Type=4&ID=6406&MeetingID=1613; FileOpen.aspx?Type=4&ID=6407&MeetingID=1613; FileOpen.aspx?Type=4&ID=6408&MeetingID=1613; FileOpen.aspx?Type=4&ID=6409&MeetingID=1613; Detail_LegiFile.aspx?Frame=&MeetingID=1613&MediaPosition=&ID=3972&CssClass=; FileOpen.aspx?Type=4&ID=6414&MeetingID=1613; Detail_Motion.aspx?Frame=&MeetingID=1613&MinutesID=1410&MediaPosition=&ID=16110&Type=70&CssClass= style=; Detail_Motion.aspx?Frame=&MeetingID=1613&MinutesID=1410&MediaPosition=&ID=16111&Type=70&CssClass= style="
"1621","https://jeffersoncityga.iqm2.com/Citizens/Detail_Meeting.aspx?ID=1621","2024/09/03 06:00 PM Jefferson & Talmo Planning Commission Regular - Web Outline - City of Jefferson, Georgia &laquo;Back to Main Site Welcome Meetings Browse Media Notices Boards+ Log in | Help | Register Print This Page Quick Link #1 Quick Link #2 --> Jefferson & Talmo Planning Commission Regular 9/3/2024 6:00 PM Jefferson Station Community Room Jefferson Station&nbsp;&nbsp;&nbsp;Community Room&nbsp;&nbsp;&nbsp;Jefferson, GA 30549 Downloads: Agenda Agenda Packet Audio I. Call to Order II. Roll Call III. Minutes Approval 1. Minutes Approval-August 5, 2024 a. August 5 2024 Planning Commission Minutes IV. Review of Public Hearing Procedures V. New Business 1. R-24-J06 Tipton Development, LLC, Applicant and Property Owner, by David Elder, Seeks Rezoning from MFR (Multi-Family Residential District) Conditional (R-22-J05) to MFR (Multi-Family Residential District) Conditional of 3.56 Acres (Map/Parcel 052/001A2) Fronting on the South Side of Commerce Road (SR 15 Alt) and the East Side of No","FileOpen.aspx?Type=14&amp;ID=1495&amp;Inline=True; FileOpen.aspx?Type=1&amp;ID=1495&amp;Inline=True; Detail_LegiFile.aspx?Frame=&MeetingID=1621&MediaPosition=&ID=3955&CssClass=; FileOpen.aspx?Type=4&ID=6376&MeetingID=1621; Detail_LegiFile.aspx?Frame=&MeetingID=1621&MediaPosition=&ID=3948&CssClass=; FileOpen.aspx?Type=4&ID=6369&MeetingID=1621; Detail_LegiFile.aspx?Frame=&MeetingID=1621&MediaPosition=&ID=3949&CssClass=; FileOpen.aspx?Type=4&ID=6370&MeetingID=1621; Detail_LegiFile.aspx?Frame=&MeetingID=1621&MediaPosition=&ID=3950&CssClass=; FileOpen.aspx?Type=4&ID=6371&MeetingID=1621; Detail_LegiFile.aspx?Frame=&MeetingID=1621&MediaPosition=&ID=3951&CssClass=; FileOpen.aspx?Type=4&ID=6372&MeetingID=1621; Detail_LegiFile.aspx?Frame=&MeetingID=1621&MediaPosition=&ID=3952&CssClass=; FileOpen.aspx?Type=4&ID=6373&MeetingID=1621; Detail_LegiFile.aspx?Frame=&MeetingID=1621&MediaPosition=&ID=3953&CssClass=; FileOpen.aspx?Type=4&ID=6374&MeetingID=1621; Detail_LegiFile.aspx?Frame=&MeetingID=1621&MediaPosition=&ID=3954&CssClass=; FileOpen.aspx?Type=4&ID=6375&MeetingID=1621"
"1623","https://jeffersoncityga.iqm2.com/Citizens/Detail_Meeting.aspx?ID=1623","2024/09/23 06:00 PM City Council Voting Session - Web Outline - City of Jefferson, Georgia &laquo;Back to Main Site Welcome Meetings Browse Media Notices Boards+ Log in | Help | Register Print This Page Quick Link #1 Quick Link #2 --> City Council Voting Session 9/23/2024 6:00 PM Jefferson Station Community Room Jefferson Station&nbsp;&nbsp;&nbsp;Community Room&nbsp;&nbsp;&nbsp;Jefferson, GA 30549 Downloads: Agenda Agenda Packet Minutes Minutes Packet Audio 1. Call to Order 1. Pledge of Allegiance 2. Roll Call 2. Approval of Agenda 3. Minutes Approval 1. Minutes of Aug 12, 2024 6:00 PM 2. Minutes of Aug 26, 2024 6:00 PM 4. Public Comments 5. Planning and Development 1. R-24-J06 Tipton Development, LLC, applicant and property owner, by David Elder, seeks rezoning from MFR (Multi-Family Residential District) Conditional (R-22-J05) to MFR (Multi-Family Residential District) Conditional of 3.56 acres (Map/Parcel 052/001A2) fronting on the south side of Commerce Road (SR 15 Alt) and the eas","FileOpen.aspx?Type=14&amp;ID=1498&amp;Inline=True; FileOpen.aspx?Type=1&amp;ID=1498&amp;Inline=True; FileOpen.aspx?Type=15&amp;ID=1411&amp;Inline=True; FileOpen.aspx?Type=12&amp;ID=1411&amp;Inline=True; Detail_Motion.aspx?Frame=&MeetingID=1623&MinutesID=1411&MediaPosition=&ID=16115&Type=70&CssClass= style=; Detail_Motion.aspx?Frame=&MeetingID=1623&MinutesID=1411&MediaPosition=&ID=16117&Type=30&AcceptMinutesID=1406&CssClass= style=; Detail_Motion.aspx?Frame=&MeetingID=1623&MinutesID=1411&MediaPosition=&ID=16118&Type=30&AcceptMinutesID=1408&CssClass= style=; Detail_Motion.aspx?Frame=&MeetingID=1623&MinutesID=1411&MediaPosition=&ID=16119&Type=70&CssClass= style=; Detail_LegiFile.aspx?Frame=&MeetingID=1623&MediaPosition=&ID=3959&CssClass=; FileOpen.aspx?Type=4&ID=6378&MeetingID=1623; FileOpen.aspx?Type=4&ID=6379&MeetingID=1623; FileOpen.aspx?Type=4&ID=6380&MeetingID=1623; FileOpen.aspx?Type=4&ID=6381&MeetingID=1623; FileOpen.aspx?Type=4&ID=6416&MeetingID=1623; Detail_LegiFile.aspx?Frame=&MeetingID=1623&MediaPosition=&ID=3960&CssClass=; FileOpen.aspx?Type=4&ID=6382&MeetingID=1623; FileOpen.aspx?Type=4&ID=6383&MeetingID=1623; FileOpen.aspx?Type=4&ID=6431&MeetingID=1623; Detail_LegiFile.aspx?Frame=&MeetingID=1623&MediaPosition=&ID=3961&CssClass=; FileOpen.aspx?Type=4&ID=6384&MeetingID=1623; FileOpen.aspx?Type=4&ID=6385&MeetingID=1623; Detail_LegiFile.aspx?Frame=&MeetingID=1623&MediaPosition=&ID=3962&CssClass=; FileOpen.aspx?Type=4&ID=6386&MeetingID=1623; FileOpen.aspx?Type=4&ID=6387&MeetingID=1623; Detail_LegiFile.aspx?Frame=&MeetingID=1623&MediaPosition=&ID=3963&CssClass=; FileOpen.aspx?Type=4&ID=6388&MeetingID=1623; FileOpen.aspx?Type=4&ID=6389&MeetingID=1623; FileOpen.aspx?Type=4&ID=6390&MeetingID=1623; FileOpen.aspx?Type=4&ID=6391&MeetingID=1623; FileOpen.aspx?Type=4&ID=6392&MeetingID=1623; FileOpen.aspx?Type=4&ID=6393&MeetingID=1623; Detail_LegiFile.aspx?Frame=&MeetingID=1623&MediaPosition=&ID=3964&CssClass=; FileOpen.aspx?Type=4&ID=6394&MeetingID=1623; FileOpen.aspx?Type=4&ID=6395&MeetingID=1623; FileOpen.aspx?Type=4&ID=6396&MeetingID=1623; Detail_LegiFile.aspx?Frame=&MeetingID=1623&MediaPosition=&ID=3965&CssClass=; FileOpen.aspx?Type=4&ID=6397&MeetingID=1623; FileOpen.aspx?Type=4&ID=6398&MeetingID=1623; FileOpen.aspx?Type=4&ID=6399&MeetingID=1623; Detail_LegiFile.aspx?Frame=&MeetingID=1623&MediaPosition=&ID=3967&CssClass=; FileOpen.aspx?Type=4&ID=6403&MeetingID=1623; FileOpen.aspx?Type=4&ID=6404&MeetingID=1623; Detail_LegiFile.aspx?Frame=&MeetingID=1623&MediaPosition=&ID=3969&CssClass=; FileOpen.aspx?Type=4&ID=6410&MeetingID=1623; FileOpen.aspx?Type=4&ID=6411&MeetingID=1623; FileOpen.aspx?Type=4&ID=6415&MeetingID=1623; Detail_LegiFile.aspx?Frame=&MeetingID=1623&MediaPosition=&ID=3976&CssClass=; FileOpen.aspx?Type=4&ID=6423&MeetingID=1623; Detail_LegiFile.aspx?Frame=&MeetingID=1623&MediaPosition=&ID=3968&CssClass=; FileOpen.aspx?Type=4&ID=6405&MeetingID=1623; FileOpen.aspx?Type=4&ID=6406&MeetingID=1623; FileOpen.aspx?Type=4&ID=6407&MeetingID=1623; FileOpen.aspx?Type=4&ID=6408&MeetingID=1623; FileOpen.aspx?Type=4&ID=6409&MeetingID=1623; Detail_LegiFile.aspx?Frame=&MeetingID=1623&MediaPosition=&ID=3977&CssClass=; FileOpen.aspx?Type=4&ID=6424&MeetingID=1623; Detail_LegiFile.aspx?Frame=&MeetingID=1623&MediaPosition=&ID=3975&CssClass=; FileOpen.aspx?Type=4&ID=6420&MeetingID=1623; FileOpen.aspx?Type=4&ID=6421&MeetingID=1623; FileOpen.aspx?Type=4&ID=6422&MeetingID=1623; Detail_LegiFile.aspx?Frame=&MeetingID=1623&MediaPosition=&ID=3974&CssClass=; FileOpen.aspx?Type=4&ID=6417&MeetingID=1623; FileOpen.aspx?Type=4&ID=6418&MeetingID=1623; FileOpen.aspx?Type=4&ID=6419&MeetingID=1623; Detail_Motion.aspx?Frame=&MeetingID=1623&MinutesID=1411&MediaPosition=&ID=16179&Type=70&CssClass= style=; Detail_Motion.aspx?Frame=&MeetingID=1623&MinutesID=1411&MediaPosition=&ID=16180&Type=70&CssClass= style=; Detail_Motion.aspx?Frame=&MeetingID=1623&MinutesID=1411&MediaPosition=&ID=16181&Type=70&CssClass= style="
"1677","https://jeffersoncityga.iqm2.com/Citizens/Detail_Meeting.aspx?ID=1677","2025/10/06 06:00 PM Jefferson & Talmo Planning Commission Regular - Web Outline - City of Jefferson, Georgia &laquo;Back to Main Site Welcome Meetings Browse Media Notices Boards+ Log in | Help | Register Print This Page Quick Link #1 Quick Link #2 --> Jefferson & Talmo Planning Commission Regular 10/6/2025 6:00 PM Jefferson Station Community Room Jefferson Station&nbsp;&nbsp;&nbsp;Community Room&nbsp;&nbsp;&nbsp;Jefferson, GA 30549 Downloads: Agenda Agenda Packet Minutes Minutes Packet Audio I. Call to Order 1. Roll Call II. Roll Call III. Minutes Approval 1. September 2, 2025 Minutes a. Minutes September 2025 Planning Commission IV. Review of Public Hearing Procedures V. New Business 1. R-25-J04 Annexation and Zoning: Scott Almon, by Jakob Sullins of Sullins Engineering, LLC, Applicant, Paulette Bailey, Property Owner, Seeks Annexation and R-1 (Single Family Residential District) Zoning for 15.758 Acres Fronting 1,181.5 Feet on the South Side of Winder Highway (State Route 11) Approx","FileOpen.aspx?Type=14&amp;ID=1549&amp;Inline=True; FileOpen.aspx?Type=1&amp;ID=1549&amp;Inline=True; FileOpen.aspx?Type=15&amp;ID=1467&amp;Inline=True; FileOpen.aspx?Type=12&amp;ID=1467&amp;Inline=True; Detail_LegiFile.aspx?Frame=&MeetingID=1677&MediaPosition=&ID=4244&CssClass=; FileOpen.aspx?Type=4&ID=6805&MeetingID=1677; Detail_LegiFile.aspx?Frame=&MeetingID=1677&MediaPosition=&ID=4245&CssClass=; FileOpen.aspx?Type=4&ID=6807&MeetingID=1677; FileOpen.aspx?Type=4&ID=6808&MeetingID=1677; Detail_LegiFile.aspx?Frame=&MeetingID=1677&MediaPosition=&ID=4243&CssClass=; FileOpen.aspx?Type=4&ID=6804&MeetingID=1677"
"1684","https://jeffersoncityga.iqm2.com/Citizens/Detail_Meeting.aspx?ID=1684","2025/10/13 06:00 PM City Council Work Session - Web Outline - City of Jefferson, Georgia &laquo;Back to Main Site Welcome Meetings Browse Media Notices Boards+ Log in | Help | Register Print This Page Quick Link #1 Quick Link #2 --> City Council Work Session 10/13/2025 6:00 PM Jefferson Station Community Room Jefferson Station&nbsp;&nbsp;&nbsp;Community Room&nbsp;&nbsp;&nbsp;Jefferson, GA 30549 Downloads: Agenda Agenda Packet Minutes Minutes Packet Audio I. Call to Order 1. Pledge of Allegiance 2. Roll Call II. Approval of Agenda III. Public Comments IV. Planning and Development -Public Hearings 1. Planning Commission Letter a. October 2025 Planning Commission Letter 2. 2025-69 : R-25-J04 Annexation and Zoning: Scott Almon, by Jakob Sullins of Sullins Engineering, LLC, applicant, Paulette Bailey, property owner, seeks annexation and R-1 (Single Family Residential District) zoning for 15.758 acres fronting 1,181.5 feet on the south side of Winder Highway (State Route 11) approximately 1","FileOpen.aspx?Type=14&amp;ID=1554&amp;Inline=True; FileOpen.aspx?Type=1&amp;ID=1554&amp;Inline=True; FileOpen.aspx?Type=15&amp;ID=1468&amp;Inline=True; FileOpen.aspx?Type=12&amp;ID=1468&amp;Inline=True; Detail_Motion.aspx?Frame=&MeetingID=1684&MinutesID=1468&MediaPosition=1477.458&ID=17420&Type=70&CssClass= style=; Detail_Motion.aspx?Frame=&MeetingID=1684&MinutesID=1468&MediaPosition=1477.458&ID=17421&Type=70&CssClass= style=; Detail_LegiFile.aspx?Frame=&MeetingID=1684&MediaPosition=1477.458&ID=4264&CssClass=; FileOpen.aspx?Type=4&ID=6835&MeetingID=1684; Detail_LegiFile.aspx?Frame=&MeetingID=1684&MediaPosition=1477.458&ID=4260&CssClass=; FileOpen.aspx?Type=4&ID=6822&MeetingID=1684; FileOpen.aspx?Type=4&ID=6823&MeetingID=1684; FileOpen.aspx?Type=4&ID=6824&MeetingID=1684; FileOpen.aspx?Type=4&ID=6825&MeetingID=1684; Detail_LegiFile.aspx?Frame=&MeetingID=1684&MediaPosition=1477.458&ID=4261&CssClass=; FileOpen.aspx?Type=4&ID=6826&MeetingID=1684; FileOpen.aspx?Type=4&ID=6827&MeetingID=1684; Detail_LegiFile.aspx?Frame=&MeetingID=1684&MediaPosition=1477.458&ID=4262&CssClass=; FileOpen.aspx?Type=4&ID=6828&MeetingID=1684; FileOpen.aspx?Type=4&ID=6829&MeetingID=1684; FileOpen.aspx?Type=4&ID=6830&MeetingID=1684; FileOpen.aspx?Type=4&ID=6831&MeetingID=1684; FileOpen.aspx?Type=4&ID=6832&MeetingID=1684; FileOpen.aspx?Type=4&ID=6833&MeetingID=1684; Detail_LegiFile.aspx?Frame=&MeetingID=1684&MediaPosition=1477.458&ID=4265&CssClass=; Detail_LegiFile.aspx?Frame=&MeetingID=1684&MediaPosition=1477.458&ID=4263&CssClass=; FileOpen.aspx?Type=4&ID=6834&MeetingID=1684; Detail_Motion.aspx?Frame=&MeetingID=1684&MinutesID=1468&MediaPosition=1477.458&ID=17446&Type=70&CssClass= style="
"1685","https://jeffersoncityga.iqm2.com/Citizens/Detail_Meeting.aspx?ID=1685","2025/10/27 06:00 PM City Council Voting Session - Web Outline - City of Jefferson, Georgia &laquo;Back to Main Site Welcome Meetings Browse Media Notices Boards+ Log in | Help | Register Print This Page Quick Link #1 Quick Link #2 --> City Council Voting Session 10/27/2025 6:00 PM Jefferson Station Community Room Jefferson Station&nbsp;&nbsp;&nbsp;Community Room&nbsp;&nbsp;&nbsp;Jefferson, GA 30549 Downloads: Agenda Agenda Packet Minutes Minutes Packet Audio 1. Call to Order 1. Pledge of Allegiance 2. Roll Call 2. Approval of Agenda 1. Motion to appove agenda as written 3. Minutes Approval 1. Minutes of Sep 8, 2025 6:00 PM 2. Minutes of Sep 22, 2025 6:00 PM 4. Public Comments 5. Planning and Development 1. 2025-69 : R-25-J04 Annexation and Zoning: Scott Almon, by Jakob Sullins of Sullins Engineering, LLC, applicant, Paulette Bailey, property owner, seeks annexation and R-1 (Single Family Residential District) zoning for 15.758 acres fronting 1,181.5 feet on the south side of Winder Hig","FileOpen.aspx?Type=14&amp;ID=1557&amp;Inline=True; FileOpen.aspx?Type=1&amp;ID=1557&amp;Inline=True; FileOpen.aspx?Type=15&amp;ID=1470&amp;Inline=True; FileOpen.aspx?Type=12&amp;ID=1470&amp;Inline=True; Detail_Motion.aspx?Frame=&MeetingID=1685&MinutesID=1470&MediaPosition=2409.459&ID=17514&Type=60&CssClass= style=; Detail_Motion.aspx?Frame=&MeetingID=1685&MinutesID=1470&MediaPosition=2409.459&ID=17471&Type=30&AcceptMinutesID=1443&CssClass= style=; Detail_Motion.aspx?Frame=&MeetingID=1685&MinutesID=1470&MediaPosition=2409.459&ID=17472&Type=30&AcceptMinutesID=1466&CssClass= style=; Detail_Motion.aspx?Frame=&MeetingID=1685&MinutesID=1470&MediaPosition=2409.459&ID=17473&Type=70&CssClass= style=; Detail_LegiFile.aspx?Frame=&MeetingID=1685&MediaPosition=2409.459&ID=4260&CssClass=; FileOpen.aspx?Type=4&ID=6822&MeetingID=1685; FileOpen.aspx?Type=4&ID=6823&MeetingID=1685; FileOpen.aspx?Type=4&ID=6824&MeetingID=1685; FileOpen.aspx?Type=4&ID=6825&MeetingID=1685; Detail_LegiFile.aspx?Frame=&MeetingID=1685&MediaPosition=2409.459&ID=4261&CssClass=; FileOpen.aspx?Type=4&ID=6826&MeetingID=1685; FileOpen.aspx?Type=4&ID=6827&MeetingID=1685; Detail_LegiFile.aspx?Frame=&MeetingID=1685&MediaPosition=2409.459&ID=4262&CssClass=; FileOpen.aspx?Type=4&ID=6828&MeetingID=1685; FileOpen.aspx?Type=4&ID=6829&MeetingID=1685; FileOpen.aspx?Type=4&ID=6830&MeetingID=1685; FileOpen.aspx?Type=4&ID=6831&MeetingID=1685; FileOpen.aspx?Type=4&ID=6832&MeetingID=1685; FileOpen.aspx?Type=4&ID=6833&MeetingID=1685; Detail_LegiFile.aspx?Frame=&MeetingID=1685&MediaPosition=2409.459&ID=4274&CssClass=; FileOpen.aspx?Type=4&ID=6850&MeetingID=1685; FileOpen.aspx?Type=4&ID=6849&MeetingID=1685; FileOpen.aspx?Type=4&ID=6851&MeetingID=1685; Detail_LegiFile.aspx?Frame=&MeetingID=1685&MediaPosition=2409.459&ID=4272&CssClass=; FileOpen.aspx?Type=4&ID=6843&MeetingID=1685; FileOpen.aspx?Type=4&ID=6844&MeetingID=1685; FileOpen.aspx?Type=4&ID=6845&MeetingID=1685; Detail_LegiFile.aspx?Frame=&MeetingID=1685&MediaPosition=2409.459&ID=4276&CssClass=; FileOpen.aspx?Type=4&ID=6853&MeetingID=1685; Detail_LegiFile.aspx?Frame=&MeetingID=1685&MediaPosition=2409.459&ID=4273&CssClass=; FileOpen.aspx?Type=4&ID=6846&MeetingID=1685; FileOpen.aspx?Type=4&ID=6847&MeetingID=1685; FileOpen.aspx?Type=4&ID=6848&MeetingID=1685; Detail_LegiFile.aspx?Frame=&MeetingID=1685&MediaPosition=2409.459&ID=4265&CssClass=; Detail_LegiFile.aspx?Frame=&MeetingID=1685&MediaPosition=2409.459&ID=4275&CssClass=; Detail_LegiFile.aspx?Frame=&MeetingID=1685&MediaPosition=2409.459&ID=4277&CssClass=; FileOpen.aspx?Type=4&ID=6852&MeetingID=1685; Detail_Motion.aspx?Frame=&MeetingID=1685&MinutesID=1470&MediaPosition=2409.459&ID=17510&Type=70&CssClass= style=; Detail_Motion.aspx?Frame=&MeetingID=1685&MinutesID=1470&MediaPosition=2409.459&ID=17515&Type=60&CssClass= style=; Detail_Motion.aspx?Frame=&MeetingID=1685&MinutesID=1470&MediaPosition=2409.459&ID=17516&Type=60&CssClass= style="
"1686","https://jeffersoncityga.iqm2.com/Citizens/Detail_Meeting.aspx?ID=1686","2025/11/03 06:00 PM Jefferson & Talmo Planning Commission Regular - Web Outline - City of Jefferson, Georgia &laquo;Back to Main Site Welcome Meetings Browse Media Notices Boards+ Log in | Help | Register Print This Page Quick Link #1 Quick Link #2 --> Jefferson & Talmo Planning Commission Regular 11/3/2025 6:00 PM Jefferson Station Community Room Jefferson Station&nbsp;&nbsp;&nbsp;Community Room&nbsp;&nbsp;&nbsp;Jefferson, GA 30549 Downloads: Agenda Agenda Packet Audio I. Call to Order 1. Roll Call II. Roll Call III. Minutes Approval 1. October 6, 2025 Meeting Minutes a. October 2025 Planning Commission Minutes IV. Review of Public Hearing Procedures V. New Business 1. CU-25-J07 Conditional Use: Caleb Musser, Applicant and Property Owner, Seeks a Conditional Use Permit for Automobile Services in an LI, Light Industrial Zoning District on 7.14 Acres (Map/Parcel 069/ 033B) Fronting on the East Side of Athens Highway (U.S. Highway 129 Business) Approximately 1,000 Feet South of Galilee C","FileOpen.aspx?Type=14&amp;ID=1555&amp;Inline=True; FileOpen.aspx?Type=1&amp;ID=1555&amp;Inline=True; Detail_LegiFile.aspx?Frame=&MeetingID=1686&MediaPosition=16.895&ID=4278&CssClass=; FileOpen.aspx?Type=4&ID=6854&MeetingID=1686; Detail_LegiFile.aspx?Frame=&MeetingID=1686&MediaPosition=&ID=4266&CssClass=; FileOpen.aspx?Type=4&ID=6836&MeetingID=1686; Detail_LegiFile.aspx?Frame=&MeetingID=1686&MediaPosition=&ID=4267&CssClass=; FileOpen.aspx?Type=4&ID=6837&MeetingID=1686; Detail_LegiFile.aspx?Frame=&MeetingID=1686&MediaPosition=&ID=4268&CssClass=; FileOpen.aspx?Type=4&ID=6856&MeetingID=1686; FileOpen.aspx?Type=4&ID=6855&MeetingID=1686; FileOpen.aspx?Type=4&ID=6839&MeetingID=1686"
"1688","https://jeffersoncityga.iqm2.com/Citizens/Detail_Meeting.aspx?ID=1688","2025/11/10 06:00 PM City Council Work Session - Web Outline - City of Jefferson, Georgia &laquo;Back to Main Site Welcome Meetings Browse Media Notices Boards+ Log in | Help | Register Print This Page Quick Link #1 Quick Link #2 --> City Council Work Session 11/10/2025 6:00 PM Jefferson Station Community Room Jefferson Station&nbsp;&nbsp;&nbsp;Community Room&nbsp;&nbsp;&nbsp;Jefferson, GA 30549 Downloads: Agenda Agenda Packet Minutes Minutes Packet Audio I. Call to Order 1. Pledge of Allegiance 2. Roll Call II. Approval of Agenda III. Public Comments IV. Planning and Development -Public Hearings 1. 2025-80 : CU-25-J07 Conditional Use: Caleb Musser, applicant and property owner, seeks a conditional use permit for automobile services in an LI, Light Industrial zoning district on 7.14 acres (Map/Parcel 069/ 033B) fronting on the east side of Athens Highway (U.S. Highway 129 Business) approximately 1,000 feet south of Galilee Church Road. [planning staff recommendation: approval] [planning","FileOpen.aspx?Type=14&amp;ID=1558&amp;Inline=True; FileOpen.aspx?Type=1&amp;ID=1558&amp;Inline=True; FileOpen.aspx?Type=15&amp;ID=1471&amp;Inline=True; FileOpen.aspx?Type=12&amp;ID=1471&amp;Inline=True; Detail_Motion.aspx?Frame=&MeetingID=1688&MinutesID=1471&MediaPosition=2464.220&ID=17520&Type=70&CssClass= style=; Detail_Motion.aspx?Frame=&MeetingID=1688&MinutesID=1471&MediaPosition=2464.220&ID=17521&Type=70&CssClass= style=; Detail_LegiFile.aspx?Frame=&MeetingID=1688&MediaPosition=468.204&ID=4279&CssClass=; FileOpen.aspx?Type=4&ID=6857&MeetingID=1688; FileOpen.aspx?Type=4&ID=6858&MeetingID=1688; Detail_LegiFile.aspx?Frame=&MeetingID=1688&MediaPosition=597.204&ID=4280&CssClass=; FileOpen.aspx?Type=4&ID=6859&MeetingID=1688; FileOpen.aspx?Type=4&ID=6860&MeetingID=1688; Detail_LegiFile.aspx?Frame=&MeetingID=1688&MediaPosition=808.204&ID=4282&CssClass=; FileOpen.aspx?Type=4&ID=6863&MeetingID=1688; FileOpen.aspx?Type=4&ID=6864&MeetingID=1688; FileOpen.aspx?Type=4&ID=6869&MeetingID=1688; FileOpen.aspx?Type=4&ID=6870&MeetingID=1688; FileOpen.aspx?Type=4&ID=6872&MeetingID=1688; FileOpen.aspx?Type=4&ID=6873&MeetingID=1688; FileOpen.aspx?Type=4&ID=6874&MeetingID=1688; FileOpen.aspx?Type=4&ID=6875&MeetingID=1688; FileOpen.aspx?Type=4&ID=6876&MeetingID=1688; FileOpen.aspx?Type=4&ID=6877&MeetingID=1688; Detail_LegiFile.aspx?Frame=&MeetingID=1688&MediaPosition=829.204&ID=4283&CssClass=; FileOpen.aspx?Type=4&ID=6865&MeetingID=1688; FileOpen.aspx?Type=4&ID=6871&MeetingID=1688; Detail_LegiFile.aspx?Frame=&MeetingID=1688&MediaPosition=1916.204&ID=4284&CssClass=; FileOpen.aspx?Type=4&ID=6866&MeetingID=1688; FileOpen.aspx?Type=4&ID=6867&MeetingID=1688; Detail_LegiFile.aspx?Frame=&MeetingID=1688&MediaPosition=1969.204&ID=4285&CssClass=; FileOpen.aspx?Type=4&ID=6868&MeetingID=1688; Detail_Motion.aspx?Frame=&MeetingID=1688&MinutesID=1471&MediaPosition=2464.220&ID=17551&Type=70&CssClass= style=; Detail_Motion.aspx?Frame=&MeetingID=1688&MinutesID=1471&MediaPosition=2464.220&ID=17553&Type=70&CssClass= style="
"1689","https://jeffersoncityga.iqm2.com/Citizens/Detail_Meeting.aspx?ID=1689","2025/11/24 06:00 PM City Council Voting Session - Web Outline - City of Jefferson, Georgia &laquo;Back to Main Site Welcome Meetings Browse Media Notices Boards+ Log in | Help | Register Print This Page Quick Link #1 Quick Link #2 --> City Council Voting Session 11/24/2025 6:00 PM Jefferson Station Community Room Jefferson Station&nbsp;&nbsp;&nbsp;Community Room&nbsp;&nbsp;&nbsp;Jefferson, GA 30549 Downloads: Agenda Agenda Packet Minutes Minutes Packet Audio 1. Call to Order 1. Pledge of Allegiance 2. Roll Call 2. Approval of Agenda 1. Motion to approve with the amendment to remove item 12 3. Minutes Approval 1. Minutes of Oct 13, 2025 6:00 PM 2. Minutes of Oct 27, 2025 6:00 PM 4. Public Comments 5. Planning and Development 1. 2025-80 : CU-25-J07 Conditional Use: Caleb Musser, applicant and property owner, seeks a conditional use permit for automobile services in an LI, Light Industrial zoning district on 7.14 acres (Map/Parcel 069/ 033B) fronting on the east side of Athens Highway (U.","FileOpen.aspx?Type=14&amp;ID=1559&amp;Inline=True; FileOpen.aspx?Type=1&amp;ID=1559&amp;Inline=True; FileOpen.aspx?Type=15&amp;ID=1472&amp;Inline=True; FileOpen.aspx?Type=12&amp;ID=1472&amp;Inline=True; Detail_Motion.aspx?Frame=&MeetingID=1689&MinutesID=1472&MediaPosition=4722.551&ID=17558&Type=70&CssClass= style=; Detail_Motion.aspx?Frame=&MeetingID=1689&MinutesID=1472&MediaPosition=4722.551&ID=17673&Type=60&CssClass= style=; Detail_Motion.aspx?Frame=&MeetingID=1689&MinutesID=1472&MediaPosition=0.000&ID=17560&Type=30&AcceptMinutesID=1468&CssClass= style=; Detail_Motion.aspx?Frame=&MeetingID=1689&MinutesID=1472&MediaPosition=0.000&ID=17561&Type=30&AcceptMinutesID=1470&CssClass= style=; Detail_LegiFile.aspx?Frame=&MeetingID=1689&MediaPosition=1065.447&ID=4279&CssClass=; FileOpen.aspx?Type=4&ID=6857&MeetingID=1689; FileOpen.aspx?Type=4&ID=6858&MeetingID=1689; Detail_LegiFile.aspx?Frame=&MeetingID=1689&MediaPosition=1098.447&ID=4280&CssClass=; FileOpen.aspx?Type=4&ID=6859&MeetingID=1689; FileOpen.aspx?Type=4&ID=6860&MeetingID=1689; Detail_LegiFile.aspx?Frame=&MeetingID=1689&MediaPosition=4722.551&ID=4282&CssClass=; FileOpen.aspx?Type=4&ID=6863&MeetingID=1689; FileOpen.aspx?Type=4&ID=6864&MeetingID=1689; FileOpen.aspx?Type=4&ID=6869&MeetingID=1689; FileOpen.aspx?Type=4&ID=6870&MeetingID=1689; FileOpen.aspx?Type=4&ID=6872&MeetingID=1689; FileOpen.aspx?Type=4&ID=6873&MeetingID=1689; FileOpen.aspx?Type=4&ID=6874&MeetingID=1689; FileOpen.aspx?Type=4&ID=6875&MeetingID=1689; FileOpen.aspx?Type=4&ID=6876&MeetingID=1689; FileOpen.aspx?Type=4&ID=6877&MeetingID=1689; FileOpen.aspx?Type=4&ID=6890&MeetingID=1689; Detail_LegiFile.aspx?Frame=&MeetingID=1689&MediaPosition=0.000&ID=4287&CssClass=; FileOpen.aspx?Type=4&ID=6881&MeetingID=1689; Detail_Motion.aspx?Frame=&MeetingID=1689&MinutesID=1472&MediaPosition=4722.551&ID=17674&Type=60&CssClass= style=; Detail_Motion.aspx?Frame=&MeetingID=1689&MinutesID=1472&MediaPosition=4722.551&ID=17675&Type=60&CssClass= style=; Detail_Motion.aspx?Frame=&MeetingID=1689&MinutesID=1472&MediaPosition=4722.551&ID=17676&Type=60&CssClass= style=; Detail_Motion.aspx?Frame=&MeetingID=1689&MinutesID=1472&MediaPosition=4722.551&ID=17677&Type=60&CssClass= style=; Detail_Motion.aspx?Frame=&MeetingID=1689&MinutesID=1472&MediaPosition=4722.551&ID=17678&Type=60&CssClass= style=; Detail_Motion.aspx?Frame=&MeetingID=1689&MinutesID=1472&MediaPosition=4722.551&ID=17679&Type=60&CssClass= style=; Detail_Motion.aspx?Frame=&MeetingID=1689&MinutesID=1472&MediaPosition=4722.551&ID=17680&Type=60&CssClass= style=; Detail_Motion.aspx?Frame=&MeetingID=1689&MinutesID=1472&MediaPosition=4722.551&ID=17681&Type=60&CssClass= style=; Detail_Motion.aspx?Frame=&MeetingID=1689&MinutesID=1472&MediaPosition=4722.551&ID=17682&Type=60&CssClass= style=; Detail_LegiFile.aspx?Frame=&MeetingID=1689&MediaPosition=4722.551&ID=4288&CssClass=; FileOpen.aspx?Type=4&ID=6882&MeetingID=1689; Detail_LegiFile.aspx?Frame=&MeetingID=1689&MediaPosition=4722.551&ID=4289&CssClass=; FileOpen.aspx?Type=4&ID=6883&MeetingID=1689; Detail_LegiFile.aspx?Frame=&MeetingID=1689&MediaPosition=4722.551&ID=4290&CssClass=; Detail_LegiFile.aspx?Frame=&MeetingID=1689&MediaPosition=4722.551&ID=4291&CssClass=; FileOpen.aspx?Type=4&ID=6884&MeetingID=1689; Detail_LegiFile.aspx?Frame=&MeetingID=1689&MediaPosition=4722.551&ID=4292&CssClass=; FileOpen.aspx?Type=4&ID=6885&MeetingID=1689; Detail_LegiFile.aspx?Frame=&MeetingID=1689&MediaPosition=4722.551&ID=4293&CssClass=; FileOpen.aspx?Type=4&ID=6886&MeetingID=1689; Detail_LegiFile.aspx?Frame=&MeetingID=1689&MediaPosition=4722.551&ID=4294&CssClass=; FileOpen.aspx?Type=4&ID=6887&MeetingID=1689; Detail_LegiFile.aspx?Frame=&MeetingID=1689&MediaPosition=4722.551&ID=4295&CssClass=; FileOpen.aspx?Type=4&ID=6888&MeetingID=1689; Detail_LegiFile.aspx?Frame=&MeetingID=1689&MediaPosition=4722.551&ID=4296&CssClass=; FileOpen.aspx?Type=4&ID=6889&MeetingID=1689; Detail_LegiFile.aspx?Frame=&MeetingID=1689&MediaPosition=0.000&ID=4286&CssClass=; FileOpen.aspx?Type=4&ID=6878&MeetingID=1689; FileOpen.aspx?Type=4&ID=6879&MeetingID=1689; FileOpen.aspx?Type=4&ID=6880&MeetingID=1689; Detail_LegiFile.aspx?Frame=&MeetingID=1689&MediaPosition=0.000&ID=4297&CssClass=; FileOpen.aspx?Type=4&ID=6891&MeetingID=1689; Detail_Motion.aspx?Frame=&MeetingID=1689&MinutesID=1472&MediaPosition=4722.551&ID=17609&Type=70&CssClass= style=; Detail_Motion.aspx?Frame=&MeetingID=1689&MinutesID=1472&MediaPosition=4722.551&ID=17611&Type=70&CssClass= style="
"1717","https://jeffersoncityga.iqm2.com/Citizens/Detail_Meeting.aspx?ID=1717","2026/06/01 06:00 PM Jefferson & Talmo Planning Commission Regular - Web Outline - City of Jefferson, Georgia &laquo;Back to Main Site Welcome Meetings Browse Media Notices Boards+ Log in | Help | Register Print This Page Quick Link #1 Quick Link #2 --> Jefferson & Talmo Planning Commission Regular 6/1/2026 6:00 PM Jefferson Station Community Room Jefferson Station&nbsp;&nbsp;&nbsp;Community Room&nbsp;&nbsp;&nbsp;Jefferson, GA 30549 Downloads: Agenda Agenda Packet Audio I. Call to Order - Chip McEver 1. Roll Call II. Roll Call III. Minutes Approval 1. May 4, 2026 Minutes a. Minutes Planning Commission 5-4-26 IV. Review of Public Hearing Procedures 1. Planning Staff Presentation a. Weitz Presentation Outline Project Orchid V. R-26-J03 Rezoning: Stone Mountain Industrial Park, Inc 1. R-26-J03 Rezoning: Stone Mountain Industrial Park, Inc., applicant and property owner, seeks rezoning from LI (Light Industrial District) conditional (R-07-J30) to LI (Light Industrial District) conditional (","FileOpen.aspx?Type=14&amp;ID=1583&amp;Inline=True; FileOpen.aspx?Type=1&amp;ID=1583&amp;Inline=True; Detail_LegiFile.aspx?Frame=&MeetingID=1717&MediaPosition=&ID=4407&CssClass=; FileOpen.aspx?Type=4&ID=7060&MeetingID=1717; Detail_LegiFile.aspx?Frame=&MeetingID=1717&MediaPosition=&ID=4409&CssClass=; FileOpen.aspx?Type=4&ID=7065&MeetingID=1717; Detail_LegiFile.aspx?Frame=&MeetingID=1717&MediaPosition=&ID=4404&CssClass=; FileOpen.aspx?Type=4&ID=7056&MeetingID=1717; FileOpen.aspx?Type=4&ID=7059&MeetingID=1717; FileOpen.aspx?Type=4&ID=7062&MeetingID=1717; FileOpen.aspx?Type=4&ID=7063&MeetingID=1717; FileOpen.aspx?Type=4&ID=7064&MeetingID=1717; Detail_LegiFile.aspx?Frame=&MeetingID=1717&MediaPosition=&ID=4405&CssClass=; FileOpen.aspx?Type=4&ID=7057&MeetingID=1717; Detail_LegiFile.aspx?Frame=&MeetingID=1717&MediaPosition=&ID=4406&CssClass=; FileOpen.aspx?Type=4&ID=7058&MeetingID=1717; Detail_LegiFile.aspx?Frame=&MeetingID=1717&MediaPosition=&ID=4408&CssClass=; FileOpen.aspx?Type=4&ID=7061&MeetingID=1717"
